mood,danceability,energy,speechiness,acousticness,instrumentalness,liveness,valence
4,0.691,0.281,0.0338,0.778,0.00734,0.291,0.349
4,0.589,0.311,0.0397,0.909,0,0.145,0.438
4,0.581,0.822,0.115,0.0404,6.81E-05,0.0772,0.471
4,0.565,0.657,0.0545,0.229,0,0.214,0.604
4,0.462,0.371,0.0988,0.794,0.118,0.124,0.187
4,0.603,0.573,0.0502,0.478,0,0.0971,0.236
4,0.589,0.885,0.035,0.545,0,0.132,0.831
4,0.499,0.683,0.0334,0.703,0.00161,0.0749,0.295
4,0.385,0.464,0.0404,0.452,0,0.109,0.15
4,0.746,0.615,0.0391,0.392,0,0.0973,0.473
4,0.474,0.696,0.0273,0.00144,5.43E-06,0.638,0.227
4,0.577,0.574,0.0278,0.572,0,0.1,0.436
4,0.577,0.379,0.0374,0.909,0.000586,0.0986,0.26
4,0.567,0.369,0.0453,0.377,0,0.0939,0.179
4,0.783,0.297,0.0472,0.594,0.00107,0.0852,0.36
4,0.533,0.678,0.0256,0.663,0,0.145,0.683
4,0.519,0.551,0.177,0.287,0,0.117,0.237
4,0.607,0.713,0.03,0.56,4.98E-05,0.101,0.611
4,0.329,0.45,0.0405,0.594,0,0.13,0.284
4,0.898,0.435,0.0489,0.555,0,0.139,0.836
4,0.35,0.247,0.0391,0.826,3.18E-06,0.0948,0.226
4,0.619,0.714,0.0638,0.424,0,0.113,0.185
4,0.582,0.418,0.0288,0.794,0,0.109,0.243
4,0.0685,0.00342,0.0418,0.99,0.91,0.106,0.0581
4,0.645,0.324,0.0545,0.754,0.000727,0.103,0.493
4,0.488,0.304,0.0338,0.911,0,0.137,0.409
4,0.681,0.667,0.0345,0.0344,0.000187,0.0943,0.372
4,0.422,0.302,0.0372,0.629,7.83E-05,0.104,0.123
4,0.729,0.396,0.0359,0.796,0,0.104,0.886
4,0.566,0.541,0.0306,0.341,4.45E-06,0.102,0.31
4,0.594,0.278,0.0276,0.779,0,0.139,0.562
4,0.382,0.688,0.0401,0.464,0,0.0857,0.468
4,0.616,0.11,0.553,0.882,1.85E-05,0.114,0.33
4,0.652,0.681,0.0379,0.503,8.20E-06,0.181,0.677
4,0.575,0.767,0.0246,0.00028,0.0031,0.176,0.322
4,0.756,0.417,0.0336,0.538,0.0255,0.0999,0.276
4,0.132,0.00735,0.0494,0.953,0.864,0.103,0.0564
4,0.565,0.635,0.0491,0.305,3.71E-06,0.0996,0.404
4,0.697,0.315,0.0503,0.932,0,0.392,0.659
4,0.567,0.54,0.0406,0.736,3.17E-05,0.164,0.331
4,0.427,0.396,0.0366,0.736,0,0.11,0.306
4,0.487,0.675,0.0648,0.549,0.000115,0.428,0.722
4,0.433,0.772,0.0382,0.0498,0.0159,0.12,0.368
4,0.522,0.538,0.0275,0.705,6.52E-06,0.338,0.369
4,0.593,0.967,0.0907,0.166,2.54E-05,0.105,0.452
4,0.33,0.709,0.0312,0.0411,0,0.0896,0.222
4,0.573,0.4,0.0259,0.37,0,0.109,0.283
4,0.663,0.362,0.0351,0.832,1.78E-06,0.117,0.139
4,0.697,0.66,0.0352,0.472,0,0.243,0.301
4,0.362,0.378,0.0329,0.679,0,0.091,0.575
4,0.474,0.343,0.027,0.578,2.65E-05,0.305,0.152
4,0.597,0.351,0.0281,0.727,3.86E-05,0.319,0.243
4,0.901,0.136,0.102,0.667,0.354,0.109,0.643
4,0.371,0.268,0.0281,0.748,0.0517,0.104,0.165
4,0.294,0.0765,0.0418,0.991,0.0682,0.335,0.171
4,0.549,0.313,0.0322,0.759,0.108,0.0875,0.216
4,0.679,0.42,0.0912,0.711,0.00602,0.296,0.534
4,0.793,0.258,0.0594,0.858,0.0583,0.187,0.375
4,0.589,0.352,0.0425,0.797,1.00E-05,0.0897,0.181
4,0.697,0.336,0.0424,0.598,0.00528,0.107,0.31
4,0.521,0.277,0.0356,0.634,7.07E-05,0.103,0.13
4,0.723,0.504,0.0392,0.388,7.40E-05,0.087,0.551
4,0.714,0.376,0.0403,0.813,0.000158,0.105,0.368
4,0.491,0.12,0.0476,0.888,0,0.187,0.242
4,0.575,0.274,0.035,0.908,8.67E-05,0.146,0.214
4,0.614,0.54,0.385,0.369,0,0.0707,0.486
4,0.721,0.2,0.041,0.921,0.0159,0.0983,0.157
4,0.532,0.0657,0.0406,0.94,0.00488,0.0946,0.292
4,0.534,0.386,0.0284,0.533,0,0.0801,0.107
4,0.61,0.27,0.428,0.925,0.0155,0.321,0.468
4,0.319,0.048,0.0399,0.935,0.000606,0.111,0.178
4,0.804,0.0853,0.713,0.851,0,0.13,0.307
4,0.58,0.406,0.025,0.012,2.85E-05,0.236,0.34
4,0.668,0.419,0.0515,0.409,0.00052,0.0823,0.271
4,0.65,0.523,0.116,0.803,0.000193,0.0957,0.184
4,0.592,0.271,0.0331,0.962,0.00163,0.114,0.365
4,0.588,0.239,0.0572,0.756,0,0.229,0.349
4,0.555,0.27,0.0888,0.931,0.544,0.103,0.271
4,0.75,0.518,0.147,0.769,0.0202,0.154,0.639
4,0.622,0.471,0.0277,0.0448,0,0.0957,0.278
4,0.369,0.272,0.0364,0.866,0,0.147,0.218
4,0.44,0.04,0.0322,0.981,0.465,0.111,0.249
4,0.188,0.411,0.0484,0.174,0.153,0.0843,0.159
4,0.719,0.302,0.0591,0.852,0.186,0.0989,0.163
4,0.574,0.469,0.0254,0.534,9.21E-05,0.128,0.288
4,0.668,0.392,0.0585,0.789,0.00275,0.345,0.323
4,0.551,0.881,0.0542,0.186,0.0791,0.152,0.387
4,0.652,0.557,0.0318,0.74,0,0.124,0.483
4,0.483,0.129,0.0349,0.947,0.145,0.106,0.203
4,0.571,0.0274,0.0649,0.948,6.43E-06,0.322,0.087
4,0.823,0.277,0.0381,0.602,0.0079,0.238,0.588
4,0.701,0.254,0.0535,0.866,0,0.132,0.286
4,0.614,0.379,0.0476,0.607,0.000464,0.0986,0.201
4,0.764,0.705,0.0278,0.0371,1.94E-05,0.0943,0.672
4,0.551,0.749,0.383,0.235,0.000816,0.52,0.513
4,0.604,0.366,0.0282,0.578,0,0.133,0.13
4,0.656,0.291,0.0293,0.872,0,0.114,0.298
4,0.483,0.0394,0.0537,0.922,0.0125,0.112,0.146
4,0.669,0.208,0.0692,0.97,0.000524,0.106,0.315
4,0.686,0.494,0.0355,0.613,5.80E-05,0.402,0.7
4,0.751,0.476,0.303,0.764,0,0.418,0.394
4,0.358,0.557,0.059,0.695,0,0.0902,0.494
4,0.683,0.273,0.0285,0.324,3.79E-05,0.244,0.719
4,0.811,0.558,0.0874,0.191,1.28E-05,0.0949,0.753
4,0.509,0.0167,0.115,0.979,2.72E-05,0.387,0.229
4,0.452,0.167,0.106,0.885,5.68E-06,0.1,0.4
4,0.514,0.424,0.0282,0.918,0.849,0.126,0.416
4,0.483,0.204,0.0453,0.916,0,0.107,0.219
4,0.905,0.264,0.0925,0.314,0.000792,0.11,0.64
4,0.653,0.524,0.0502,0.112,0,0.203,0.553
4,0.44,0.317,0.0531,0.891,4.78E-06,0.141,0.268
4,0.319,0.0561,0.045,0.935,0.00384,0.388,0.082
4,0.63,0.418,0.0254,0.483,0.15,0.111,0.345
4,0.546,0.179,0.23,0.611,0.00211,0.107,0.272
4,0.746,0.251,0.259,0.782,0.00203,0.106,0.18
4,0.677,0.33,0.149,0.474,0.000871,0.064,0.336
4,0.872,0.391,0.242,0.469,4.13E-06,0.297,0.437
4,0.539,0.508,0.0288,0.727,0,0.174,0.227
4,0.568,0.238,0.0457,0.907,8.21E-06,0.135,0.563
4,0.608,0.276,0.0389,0.871,0,0.097,0.299
4,0.603,0.204,0.112,0.479,0.0714,0.642,0.71
4,0.753,0.355,0.0898,0.48,0.87,0.122,0.506
4,0.583,0.444,0.0929,0.337,0,0.587,0.602
4,0.477,0.258,0.0425,0.94,0,0.169,0.562
4,0.719,0.36,0.398,0.748,2.18E-06,0.0812,0.409
4,0.786,0.37,0.0695,0.768,0.373,0.139,0.18
4,0.429,0.431,0.0695,0.346,3.60E-05,0.104,0.165
4,0.564,0.125,0.0425,0.979,0.000772,0.111,0.2
4,0.475,0.25,0.0515,0.701,0,0.0641,0.258
4,0.757,0.318,0.034,0.695,0,0.113,0.689
4,0.494,0.101,0.0419,0.981,0.0329,0.132,0.163
4,0.811,0.266,0.0406,0.56,1.05E-06,0.0962,0.211
4,0.551,0.254,0.0619,0.69,1.23E-06,0.074,0.204
4,0.859,0.0434,0.0886,0.985,0,0.138,0.177
4,0.759,0.158,0.0397,0.884,0,0.119,0.49
4,0.794,0.32,0.173,0.853,0.134,0.112,0.241
4,0.659,0.323,0.0455,0.64,0,0.0814,0.353
4,0.659,0.295,0.0322,0.426,6.95E-05,0.0795,0.36
4,0.547,0.287,0.149,0.514,0.774,0.119,0.177
4,0.734,0.438,0.0865,0.224,0.00292,0.215,0.645
4,0.603,0.0436,0.0408,0.963,1.11E-05,0.103,0.19
4,0.702,0.616,0.326,0.686,0,0.145,0.507
4,0.597,0.595,0.226,0.563,2.06E-06,0.291,0.592
4,0.669,0.536,0.204,0.659,0,0.096,0.379
4,0.564,0.332,0.0326,0.389,1.98E-05,0.111,0.168
4,0.357,0.425,0.0333,0.584,0,0.322,0.27
4,0.906,0.254,0.106,0.84,0.00455,0.0994,0.389
4,0.531,0.487,0.22,0.911,0.00201,0.222,0.749
4,0.586,0.269,0.593,0.979,0.000524,0.813,0.649
4,0.601,0.481,0.0634,0.689,0.0033,0.109,0.484
4,0.484,0.731,0.0379,0.431,0,0.151,0.51
4,0.885,0.581,0.0378,0.427,0.000204,0.0759,0.728
4,0.674,0.89,0.0459,0.203,0,0.0819,0.737
4,0.52,0.731,0.0557,0.342,0.00101,0.311,0.662
4,0.768,0.714,0.0401,0.352,0,0.15,0.842
4,0.707,0.681,0.0668,0.0632,5.15E-06,0.0322,0.646
4,0.704,0.797,0.0475,0.0826,0.000745,0.0546,0.825
4,0.627,0.699,0.0244,0.174,0,0.0789,0.535
4,0.552,0.702,0.157,0.117,2.06E-05,0.105,0.564
4,0.761,0.525,0.0944,0.44,6.70E-06,0.0921,0.531
4,0.81,0.636,0.0487,0.303,0,0.131,0.687
4,0.512,0.662,0.0439,0.0275,0,0.118,0.472
4,0.644,0.735,0.0391,0.0521,0.144,0.161,0.418
4,0.715,0.62,0.0484,0.417,0,0.0822,0.172
4,0.686,0.507,0.0357,0.626,7.51E-05,0.383,0.69
4,0.498,0.897,0.045,0.00136,0,0.118,0.373
4,0.783,0.592,0.0331,0.435,4.15E-06,0.347,0.726
4,0.695,0.762,0.0395,0.192,0.00244,0.0863,0.553
4,0.637,0.643,0.0519,0.13,1.80E-06,0.142,0.533
4,0.565,0.636,0.0638,0.107,9.90E-06,0.447,0.525
4,0.685,0.466,0.0304,0.794,2.06E-06,0.0915,0.353
4,0.612,0.807,0.0336,0.0495,0.0177,0.101,0.398
4,0.796,0.798,0.0317,0.034,4.19E-05,0.0952,0.942
4,0.755,0.522,0.0575,0.533,0,0.0685,0.925
4,0.669,0.742,0.0441,0.296,0,0.355,0.716
4,0.777,0.526,0.0645,0.302,0,0.105,0.389
4,0.733,0.436,0.08,0.258,0.000573,0.157,0.0976
4,0.688,0.718,0.0378,0.273,3.36E-06,0.12,0.427
4,0.696,0.809,0.05,0.252,0.000128,0.248,0.857
4,0.764,0.705,0.0278,0.0371,1.94E-05,0.0943,0.672
4,0.762,0.701,0.0286,0.235,0.000158,0.123,0.742
4,0.674,0.774,0.0892,0.0686,0.00188,0.393,0.33
4,0.81,0.6,0.0372,0.424,0.0321,0.108,0.139
4,0.801,0.806,0.0381,0.382,0.000669,0.114,0.802
4,0.551,0.55,0.0286,0.777,0,0.202,0.342
4,0.574,0.469,0.0254,0.534,9.21E-05,0.128,0.288
4,0.442,0.538,0.0451,0.717,2.95E-05,0.09,0.139
4,0.44,0.317,0.0531,0.891,4.78E-06,0.141,0.268
4,0.692,0.429,0.0345,0.708,0.00281,0.0755,0.249
4,0.515,0.593,0.0322,0.653,0.162,0.25,0.153
4,0.64,0.743,0.0379,0.269,0,0.101,0.361
4,0.508,0.43,0.0335,0.83,0.000441,0.093,0.324
4,0.346,0.5,0.0388,0.757,0,0.189,0.191
4,0.557,0.442,0.0243,0.731,1.46E-05,0.11,0.213
4,0.571,0.544,0.0299,0.453,0.00805,0.322,0.216
4,0.594,0.612,0.363,0.835,0,0.461,0.687
4,0.481,0.638,0.0276,0.153,0,0.154,0.497
4,0.733,0.71,0.0292,0.145,0.115,0.0956,0.965
4,0.6,0.688,0.201,0.159,1.29E-05,0.409,0.0793
4,0.531,0.525,0.0671,0.232,0,0.441,0.502
4,0.558,0.559,0.0959,0.371,7.49E-06,0.109,0.62
4,0.483,0.303,0.0429,0.694,0,0.115,0.139
4,0.459,0.427,0.0267,0.114,0,0.168,0.354
4,0.546,0.311,0.0288,0.818,1.65E-05,0.107,0.246
4,0.546,0.814,0.0314,0.023,0,0.0972,0.146
4,0.608,0.768,0.0475,0.0913,0,0.0629,0.809
4,0.615,0.733,0.0335,0.152,0,0.109,0.796
4,0.712,0.862,0.0378,0.0525,0,0.093,0.809
4,0.828,0.492,0.0276,0.0644,0.00428,0.128,0.789
4,0.315,0.715,0.0362,0.00125,7.97E-06,0.0942,0.497
4,0.358,0.557,0.059,0.695,0,0.0902,0.494
4,0.315,0.296,0.0315,0.771,0,0.702,0.435
4,0.868,0.347,0.0536,0.308,2.00E-05,0.11,0.659
4,0.746,0.747,0.0353,0.579,0.000197,0.124,0.668
4,0.711,0.292,0.037,0.313,0,0.131,0.194
4,0.614,0.379,0.0476,0.607,0.000464,0.0986,0.201
4,0.599,0.448,0.0232,0.163,0,0.106,0.168
4,0.781,0.445,0.0295,0.474,0,0.184,0.591
4,0.703,0.444,0.0417,0.559,0,0.0973,0.712
4,0.668,0.618,0.0457,0.106,0,0.117,0.53
4,0.635,0.841,0.0422,0.0134,0,0.0622,0.424
4,0.621,0.82,0.0367,0.332,0,0.104,0.452
4,0.773,0.758,0.0381,0.0422,0,0.305,0.925
4,0.706,0.8,0.0399,0.00584,0,0.0822,0.629
4,0.591,0.764,0.0483,0.0383,0,0.103,0.478
4,0.81,0.793,0.0403,0.0378,1.77E-06,0.072,0.863
4,0.532,0.831,0.0344,0.0797,0.00054,0.276,0.424
4,0.733,0.827,0.033,0.394,0.0252,0.136,0.722
4,0.718,0.88,0.107,0.214,3.97E-06,0.126,0.56
4,0.837,0.498,0.0486,0.508,0.00118,0.111,0.104
4,0.778,0.566,0.0311,0.672,0.000197,0.0698,0.479
4,0.729,0.836,0.0462,0.156,3.27E-05,0.336,0.288
4,0.677,0.696,0.119,0.321,0,0.42,0.464
4,0.619,0.8,0.031,0.16,0.015,0.28,0.273
4,0.773,0.819,0.118,0.428,0,0.0679,0.585
4,0.733,0.76,0.0346,0.656,2.14E-05,0.133,0.574
4,0.671,0.636,0.103,0.515,0.000411,0.172,0.262
4,0.644,0.632,0.0376,0.162,0.342,0.132,0.219
4,0.763,0.608,0.035,0.262,2.50E-05,0.12,0.393
4,0.769,0.841,0.0423,0.114,0,0.229,0.712
4,0.717,0.455,0.0276,0.0846,0,0.11,0.389
4,0.688,0.477,0.036,0.594,0,0.115,0.257
4,0.674,0.657,0.0391,0.234,3.47E-05,0.112,0.264
4,0.545,0.675,0.0279,0.00617,0.00197,0.209,0.162
4,0.429,0.661,0.0281,0.00239,0.000121,0.234,0.285
4,0.571,0.761,0.0261,0.0708,0,0.331,0.681
4,0.791,0.807,0.0604,0.00817,0.000437,0.0689,0.847
4,0.501,0.405,0.0319,0.751,0,0.105,0.446
4,0.855,0.678,0.189,0.0569,3.69E-05,0.412,0.852
4,0.654,0.704,0.0351,0.00517,0.0565,0.0714,0.799
4,0.599,0.448,0.0232,0.163,0,0.106,0.168
4,0.652,0.557,0.0318,0.74,0,0.124,0.483
4,0.475,0.124,0.0444,0.926,0,0.0972,0.19
4,0.589,0.311,0.0397,0.909,0,0.145,0.438
4,0.541,0.153,0.0303,0.882,1.66E-06,0.16,0.359
4,0.422,0.302,0.0372,0.629,7.83E-05,0.104,0.123
4,0.593,0.352,0.0284,0.695,2.22E-05,0.3,0.226
4,0.604,0.366,0.0282,0.578,0,0.133,0.13
4,0.358,0.557,0.059,0.695,0,0.0902,0.494
4,0.528,0.0688,0.0517,0.917,0,0.124,0.425
4,0.633,0.55,0.0924,0.649,0.000363,0.147,0.333
4,0.736,0.308,0.0677,0.946,0,0.186,0.361
4,0.681,0.292,0.0483,0.743,0,0.0974,0.162
4,0.519,0.625,0.0482,0.349,0,0.121,0.21
4,0.534,0.462,0.0326,0.573,5.59E-06,0.0974,0.519
4,0.656,0.436,0.0744,0.845,0,0.221,0.196
4,0.592,0.321,0.0373,0.588,0,0.156,0.231
4,0.382,0.401,0.0851,0.286,0,0.0851,0.145
4,0.512,0.695,0.0271,0.0265,0.00815,0.146,0.351
4,0.684,0.512,0.0525,0.544,0,0.097,0.466
4,0.311,0.485,0.0365,0.701,0,0.0726,0.225
4,0.672,0.52,0.0353,0.859,0,0.115,0.37
4,0.44,0.369,0.0423,0.385,0,0.145,0.531
4,0.716,0.212,0.047,0.898,0.767,0.109,0.395
4,0.374,0.0861,0.0294,0.964,0.0335,0.0892,0.143
4,0.795,0.178,0.0574,0.607,0,0.623,0.608
4,0.564,0.412,0.0274,0.554,0,0.151,0.29
4,0.609,0.582,0.0316,0.71,0.833,0.363,0.21
4,0.543,0.333,0.0272,0.824,3.87E-06,0.168,0.261
4,0.667,0.494,0.0283,0.613,0.00248,0.0589,0.411
4,0.704,0.545,0.0323,0.536,0,0.125,0.589
4,0.444,0.301,0.0334,0.886,0,0.183,0.35
4,0.847,0.33,0.218,0.845,0.202,0.31,0.56
4,0.522,0.128,0.0357,0.894,0.026,0.0941,0.124
4,0.637,0.55,0.0525,0.165,2.54E-06,0.123,0.5
4,0.703,0.179,0.0366,0.949,0,0.102,0.346
4,0.65,0.156,0.0338,0.742,0,0.126,0.243
4,0.352,0.266,0.0341,0.865,0,0.197,0.122
4,0.446,0.288,0.0323,0.874,0,0.0847,0.417
4,0.619,0.625,0.0322,0.128,2.79E-06,0.0886,0.0502
4,0.544,0.307,0.0334,0.791,0,0.11,0.335
4,0.53,0.404,0.0264,0.905,0.000198,0.0722,0.262
4,0.553,0.127,0.0351,0.951,0.896,0.105,0.135
4,0.507,0.306,0.0583,0.94,0.631,0.11,0.124
4,0.591,0.386,0.0418,0.791,2.18E-05,0.158,0.297
4,0.648,0.308,0.04,0.886,0.0774,0.124,0.198
4,0.898,0.435,0.0489,0.555,0,0.139,0.836
4,0.473,0.349,0.0361,0.619,0,0.109,0.39
4,0.599,0.465,0.0314,0.643,1.57E-06,0.149,0.0678
4,0.67,0.743,0.0393,0.237,0,0.465,0.571
4,0.681,0.341,0.0567,0.864,0,0.319,0.431
4,0.538,0.15,0.0475,0.936,0,0.105,0.55
4,0.664,0.573,0.0277,0.613,0.000363,0.0857,0.566
4,0.604,0.36,0.0253,0.868,0.0343,0.112,0.37
4,0.536,0.189,0.0301,0.831,0,0.117,0.341
4,0.479,0.545,0.0688,0.365,0,0.0963,0.244
4,0.65,0.65,0.0288,0.133,4.01E-05,0.217,0.183
4,0.615,0.483,0.0351,0.892,0,0.175,0.503
4,0.617,0.34,0.029,0.775,0,0.11,0.517
4,0.696,0.355,0.0295,0.634,0,0.121,0.527
4,0.493,0.4,0.0261,0.0425,1.47E-06,0.133,0.15
4,0.63,0.337,0.0347,0.8,0,0.12,0.231
4,0.641,0.28,0.0312,0.815,0,0.0866,0.497
4,0.69,0.319,0.0286,0.827,0,0.232,0.225
4,0.529,0.351,0.0368,0.543,0,0.0851,0.529
4,0.599,0.215,0.0799,0.84,0,0.148,0.48
4,0.509,0.228,0.0332,0.92,0,0.104,0.586
4,0.478,0.527,0.0285,0.506,0,0.292,0.541
4,0.316,0.146,0.0397,0.935,2.03E-06,0.096,0.505
4,0.733,0.291,0.0291,0.64,0.000131,0.0918,0.647
4,0.626,0.382,0.0383,0.796,0,0.188,0.508
4,0.47,0.203,0.0371,0.758,2.41E-06,0.312,0.325
4,0.622,0.221,0.0583,0.901,0,0.107,0.297
4,0.303,0.393,0.0458,0.777,0.000102,0.106,0.396
4,0.692,0.121,0.0358,0.937,0,0.0935,0.354
4,0.804,0.472,0.056,0.763,0,0.116,0.912
4,0.707,0.43,0.0306,0.786,0,0.119,0.771
4,0.641,0.3,0.0804,0.776,0.000204,0.125,0.445
4,0.441,0.391,0.0353,0.87,0,0.133,0.3
4,0.405,0.241,0.043,0.859,0,0.135,0.307
4,0.628,0.485,0.0314,0.811,0,0.113,0.484
4,0.585,0.484,0.0294,0.382,0,0.126,0.411
4,0.568,0.18,0.0284,0.758,6.17E-05,0.111,0.228
4,0.619,0.241,0.046,0.9,0,0.116,0.0719
4,0.502,0.385,0.03,0.803,0,0.0927,0.336
4,0.355,0.247,0.0368,0.917,0,0.0948,0.349
4,0.839,0.444,0.226,0.475,2.58E-06,0.297,0.486
4,0.6,0.845,0.0311,0.048,0,0.24,0.392
4,0.766,0.689,0.124,0.328,0,0.154,0.836
4,0.522,0.382,0.031,0.389,0,0.133,0.519
4,0.439,0.323,0.0311,0.909,0,0.11,0.212
4,0.562,0.252,0.0273,0.864,0,0.18,0.206
4,0.498,0.12,0.0487,0.851,0,0.171,0.338
4,0.706,0.112,0.0391,0.827,4.03E-06,0.125,0.414
4,0.475,0.237,0.0342,0.865,0,0.0881,0.595
4,0.488,0.279,0.0506,0.838,0,0.125,0.414
4,0.4,0.207,0.0498,0.936,0,0.0848,0.609
4,0.717,0.391,0.0309,0.888,0,0.0938,0.507
4,0.591,0.386,0.0418,0.791,2.18E-05,0.158,0.297
4,0.443,0.535,0.167,0.718,0,0.144,0.345
3,0.527,0.835,0.0433,0.0166,0,0.249,0.654
3,0.742,0.713,0.0303,0.0205,0,0.059,0.879
3,0.866,0.813,0.0554,0.38,0,0.0779,0.969
3,0.591,0.764,0.0483,0.0383,0,0.103,0.478
3,0.737,0.846,0.22,0.00614,0,0.0486,0.546
3,0.742,0.882,0.117,0.0466,0,0.206,0.463
3,0.545,0.675,0.0279,0.00617,0.00197,0.209,0.162
3,0.461,0.834,0.0989,0.0232,1.14E-05,0.14,0.471
3,0.751,0.783,0.0859,0.00379,0,0.036,0.816
3,0.596,0.854,0.463,0.0169,0,0.124,0.152
3,0.279,0.742,0.0898,0.000185,0,0.593,0.328
3,0.468,0.779,0.0779,0.112,0.000373,0.101,0.26
3,0.746,0.754,0.0676,0.0152,0,0.0486,0.746
3,0.624,0.876,0.1,0.0735,0,0.327,0.781
3,0.672,0.655,0.0311,0.0362,0,0.117,0.556
3,0.52,0.731,0.0557,0.342,0.00101,0.311,0.662
3,0.641,0.922,0.0786,0.0291,0,0.0862,0.847
3,0.532,0.783,0.0523,0.0038,0.0012,0.161,0.643
3,0.621,0.82,0.0367,0.332,0,0.104,0.452
3,0.628,0.593,0.0323,0.093,1.65E-06,0.096,0.104
3,0.722,0.851,0.0639,0.0319,0,0.108,0.452
3,0.504,0.785,0.104,0.0738,0,0.239,0.502
3,0.73,0.777,0.0496,0.105,0.000478,0.0691,0.575
3,0.722,0.761,0.0475,0.0117,0,0.315,0.624
3,0.687,0.785,0.0333,0.327,0,0.203,0.655
3,0.783,0.58,0.0408,0.0114,2.28E-06,0.108,0.66
3,0.638,0.832,0.049,0.141,0,0.113,0.648
3,0.495,0.894,0.0441,0.00453,0.000596,0.103,0.213
3,0.56,0.872,0.14,0.0239,6.98E-06,0.371,0.682
3,0.602,0.843,0.0593,0.000688,5.27E-05,0.0682,0.526
3,0.726,0.698,0.0431,0.049,0,0.309,0.867
3,0.691,0.795,0.0355,0.000812,1.02E-06,0.156,0.876
3,0.494,0.951,0.132,0.000569,0,0.327,0.441
3,0.743,0.766,0.0265,0.0873,0,0.509,0.61
3,0.711,0.7,0.046,0.00498,0.000125,0.215,0.801
3,0.72,0.763,0.0523,0.406,0,0.18,0.742
3,0.682,0.72,0.0381,0.326,0,0.148,0.673
3,0.765,0.837,0.032,0.00107,1.06E-05,0.0801,0.721
3,0.646,0.741,0.034,0.0275,0,0.312,0.571
3,0.788,0.753,0.0536,0.0038,0,0.18,0.403
3,0.791,0.862,0.11,0.037,2.19E-05,0.0814,0.592
3,0.807,0.893,0.0347,0.0451,2.79E-05,0.366,0.537
3,0.545,0.78,0.0436,0.0309,4.64E-05,0.0828,0.458
3,0.561,0.965,0.0343,0.00383,7.07E-06,0.371,0.304
3,0.637,0.69,0.0405,0.00786,0,0.124,0.457
3,0.735,0.766,0.0383,0.025,0.00138,0.108,0.6
3,0.647,0.8,0.165,0.0647,0,0.334,0.942
3,0.706,0.841,0.0418,7.95E-05,0,0.0688,0.861
3,0.673,0.758,0.158,0.039,0,0.341,0.542
3,0.663,0.861,0.109,0.0338,0,0.082,0.654
3,0.691,0.823,0.0623,0.487,0,0.134,0.87
3,0.514,0.73,0.0598,0.00146,9.54E-05,0.0897,0.334
3,0.755,0.837,0.142,0.0991,0,0.289,0.714
3,0.774,0.753,0.0517,0.152,0,0.0371,0.896
3,0.811,0.719,0.0497,0.0129,1.36E-05,0.0742,0.865
3,0.763,0.72,0.0691,0.00261,1.11E-05,0.114,0.592
3,0.678,0.918,0.0355,0.000417,0,0.0744,0.769
3,0.631,0.927,0.0332,0.199,0.119,0.148,0.465
3,0.687,0.761,0.0876,0.102,0,0.147,0.743
3,0.555,0.772,0.0523,0.315,0,0.105,0.346
3,0.721,0.802,0.0583,0.0921,0,0.694,0.724
3,0.737,0.636,0.0437,0.0441,6.66E-05,0.35,0.565
3,0.632,0.773,0.0346,0.0623,0,0.0885,0.474
3,0.731,0.853,0.0363,0.0352,0,0.268,0.605
3,0.583,0.732,0.0457,0.00312,9.86E-06,0.269,0.276
3,0.73,0.861,0.0451,0.39,0,0.213,0.704
3,0.608,0.86,0.0554,0.0991,0,0.262,0.437
3,0.759,0.459,0.0948,0.00323,0,0.0788,0.695
3,0.719,0.847,0.0916,0.00201,0.0204,0.223,0.444
3,0.612,0.862,0.037,0.041,0,0.0907,0.354
3,0.703,0.81,0.0424,0.000315,0,0.216,0.726
3,0.705,0.78,0.0805,0.456,0.00152,0.115,0.457
3,0.663,0.857,0.0544,0.0542,0,0.144,0.931
3,0.818,0.913,0.0426,0.093,3.69E-05,0.161,0.536
3,0.616,0.869,0.0327,0.0283,0,0.064,0.473
3,0.776,0.808,0.117,0.0297,0.000127,0.103,0.494
3,0.696,0.793,0.097,0.0683,3.78E-06,0.18,0.698
3,0.696,0.921,0.0363,0.00314,5.24E-05,0.0842,0.714
3,0.789,0.706,0.0429,0.112,1.71E-05,0.0586,0.638
3,0.773,0.747,0.0885,0.0242,8.99E-06,0.109,0.801
3,0.715,0.791,0.0414,0.0368,0,0.0694,0.879
3,0.654,0.655,0.106,0.0294,0,0.139,0.221
3,0.774,0.838,0.114,0.0249,0.025,0.242,0.924
3,0.703,0.747,0.0895,0.283,0,0.396,0.7
3,0.707,0.813,0.0571,0.0863,0,0.168,0.722
3,0.671,0.916,0.0397,0.0282,0.00762,0.24,0.803
3,0.768,0.864,0.0324,0.101,0,0.162,0.891
3,0.623,0.734,0.107,0.0162,1.90E-06,0.145,0.372
3,0.706,0.89,0.0688,0.0588,0.00286,0.306,0.684
3,0.534,0.87,0.0425,0.000334,0,0.241,0.462
3,0.835,0.669,0.0643,0.0336,6.92E-05,0.0535,0.542
3,0.645,0.862,0.0845,0.0933,0,0.193,0.803
3,0.711,0.906,0.0284,0.00952,1.64E-05,0.153,0.824
3,0.52,0.849,0.186,0.00253,0,0.119,0.774
3,0.818,0.803,0.0797,0.034,0,0.153,0.632
3,0.754,0.763,0.0435,0.0301,2.23E-05,0.0901,0.464
3,0.7,0.709,0.0838,0.0048,0,0.029,0.624
3,0.541,0.787,0.0331,0.0167,0,0.157,0.2
3,0.806,0.513,0.0685,0.217,0,0.217,0.503
3,0.794,0.793,0.0842,0.0125,0,0.0952,0.677
3,0.75,0.608,0.0387,0.00165,0,0.178,0.958
3,0.541,0.907,0.0642,0.0158,0.000185,0.34,0.434
3,0.671,0.599,0.0405,0.0658,0,0.101,0.448
3,0.463,0.857,0.0632,0.0506,0,0.184,0.856
3,0.502,0.912,0.0564,2.55E-05,0.000173,0.106,0.72
3,0.493,0.808,0.0362,0.000235,0,0.0983,0.38
3,0.603,0.886,0.0837,0.00045,0,0.26,0.395
3,0.542,0.905,0.054,0.00172,0.0104,0.136,0.374
3,0.589,0.89,0.0603,0.000481,0.00082,0.201,0.692
3,0.426,0.888,0.0987,0.000455,0,0.306,0.387
3,0.268,0.98,0.103,0.0192,0.00709,0.182,0.395
3,0.277,0.663,0.0377,0.000409,0.00051,0.136,0.527
3,0.529,0.967,0.0508,0.114,0,0.61,0.596
3,0.568,0.844,0.0505,0.000189,0,0.0607,0.766
3,0.467,0.988,0.112,0.000152,0.0484,0.28,0.321
3,0.667,0.908,0.0514,0.0376,0,0.145,0.656
3,0.622,0.961,0.154,0.00523,0,0.0854,0.449
3,0.602,0.905,0.0775,0.000202,0.064,0.117,0.411
3,0.674,0.789,0.0676,0.00178,0.00708,0.0753,0.918
3,0.644,0.939,0.0456,0.157,0,0.233,0.861
3,0.465,0.919,0.0408,1.83E-05,2.07E-05,0.262,0.537
3,0.417,0.934,0.119,0.000278,0.0015,0.132,0.287
3,0.523,0.943,0.0337,0.00704,3.81E-05,0.0579,0.766
3,0.611,0.95,0.0518,0.00141,1.59E-06,0.0543,0.607
3,0.256,0.641,0.0552,0.199,0.0329,0.0853,0.382
3,0.653,0.964,0.0582,0.00316,0.00512,0.144,0.87
3,0.492,0.969,0.0491,0.0014,1.32E-06,0.0787,0.538
3,0.511,0.934,0.242,0.00403,3.48E-05,0.242,0.668
3,0.723,0.895,0.102,0.088,0,0.0717,0.963
3,0.556,0.92,0.0367,0.00271,0.00021,0.117,0.771
3,0.435,0.887,0.0636,0.000747,0,0.0327,0.408
3,0.678,0.656,0.0381,0.00174,0,0.0631,0.485
3,0.402,0.914,0.142,0.000579,0,0.065,0.626
3,0.383,0.9,0.134,0.00085,1.94E-06,0.271,0.286
3,0.451,0.951,0.0645,0.00038,2.39E-06,0.261,0.442
3,0.488,0.862,0.0476,0.0204,0,0.359,0.706
3,0.394,0.944,0.0761,0.00178,4.54E-06,0.298,0.265
3,0.466,0.833,0.304,0.0266,0,0.0327,0.661
3,0.62,0.93,0.0374,0.00043,0,0.0686,0.609
3,0.658,0.814,0.0558,0.229,0.00676,0.216,0.69
3,0.528,0.831,0.0429,9.43E-05,0,0.141,0.632
3,0.603,0.933,0.171,0.00591,0,0.206,0.709
3,0.402,0.97,0.0668,1.29E-05,2.62E-06,0.189,0.476
3,0.459,0.931,0.0612,0.00126,0.00881,0.412,0.419
3,0.436,0.876,0.0647,3.33E-05,0.000104,0.205,0.512
3,0.354,0.942,0.237,0.00039,6.36E-06,0.431,0.242
3,0.284,0.875,0.0422,0.00752,0.000461,0.402,0.595
3,0.425,0.852,0.046,0.0175,0.306,0.0935,0.512
3,0.401,0.953,0.0752,1.83E-05,2.56E-05,0.149,0.555
3,0.621,0.666,0.0541,0.000465,0.0839,0.0779,0.572
3,0.328,0.939,0.0423,4.93E-05,0.0065,0.337,0.329
3,0.37,0.96,0.0378,0.000241,0.0116,0.0563,0.717
3,0.32,0.909,0.0412,1.62E-05,0.139,0.0443,0.21
3,0.519,0.981,0.0733,0.00137,0.000164,0.0903,0.765
3,0.666,0.936,0.0476,0.00244,0.086,0.153,0.776
3,0.466,0.951,0.125,0.0016,0.00242,0.351,0.499
3,0.55,0.952,0.0924,0.000193,0.000666,0.0614,0.391
3,0.504,0.957,0.0529,0.00298,0,0.187,0.676
3,0.408,0.965,0.05,6.94E-06,0.000402,0.11,0.349
3,0.55,0.765,0.0287,4.76E-06,0.873,0.132,0.419
3,0.47,0.947,0.0929,0.000141,0.29,0.127,0.394
3,0.492,0.932,0.052,0.000572,4.75E-06,0.123,0.33
3,0.285,0.843,0.129,0.00103,0.00037,0.327,0.282
3,0.423,0.954,0.047,0.0021,0,0.177,0.5
3,0.438,0.905,0.0419,9.44E-06,5.40E-05,0.363,0.723
3,0.507,0.966,0.046,0.00159,0,0.336,0.502
3,0.552,0.988,0.0787,0.000108,0.309,0.846,0.619
3,0.362,0.928,0.0503,0.164,1.61E-05,0.315,0.678
3,0.355,0.791,0.0453,0.00045,0,0.0969,0.758
3,0.528,0.947,0.0518,9.31E-06,0.0632,0.165,0.661
3,0.645,0.948,0.0664,0.00527,0,0.33,0.369
3,0.457,0.902,0.0313,2.17E-05,0.196,0.258,0.834
3,0.431,0.914,0.0616,0.000243,0.0096,0.502,0.534
3,0.477,0.964,0.096,0.000295,0,0.0763,0.597
3,0.481,0.945,0.0813,0.00264,0,0.135,0.427
3,0.271,0.551,0.0272,0.0307,0.000581,0.118,0.2
3,0.333,0.877,0.0603,0.00332,0.00101,0.769,0.285
3,0.454,0.882,0.06,0.00122,0.00156,0.138,0.497
3,0.536,0.9,0.0807,0.000974,0.000286,0.157,0.627
3,0.482,0.802,0.0419,0.00263,0,0.24,0.407
3,0.509,0.843,0.0488,0.000671,0.000803,0.348,0.332
3,0.417,0.706,0.0945,0.00933,0.000572,0.474,0.512
3,0.507,0.882,0.0337,0.0053,0,0.177,0.907
3,0.579,0.812,0.0693,0.00114,0.00333,0.115,0.278
3,0.541,0.815,0.0297,0.00035,4.50E-06,0.117,0.64
3,0.663,0.977,0.0575,0.00137,1.77E-05,0.173,0.746
3,0.537,0.82,0.0345,0.000429,0,0.716,0.414
3,0.443,0.959,0.0932,9.72E-05,9.14E-06,0.351,0.669
3,0.577,0.936,0.078,0.043,1.74E-05,0.413,0.899
3,0.426,0.929,0.0701,0.00162,0.105,0.0789,0.539
3,0.642,0.823,0.0612,0.000281,0.00211,0.216,0.826
3,0.404,0.892,0.0511,3.52E-05,0.000578,0.11,0.192
3,0.371,0.866,0.039,5.91E-06,0.58,0.196,0.447
3,0.49,0.877,0.0496,0.00437,5.05E-05,0.3,0.546
3,0.4,0.946,0.0634,0.000136,0.853,0.155,0.611
3,0.532,0.929,0.0591,0.00139,0,0.0884,0.795
3,0.361,0.962,0.0661,0.0103,0.00101,0.448,0.927
3,0.493,0.943,0.0608,0.000679,0.00897,0.134,0.493
3,0.307,0.917,0.0977,1.65E-05,0.00044,0.0566,0.266
3,0.354,0.931,0.0769,0.0586,0,0.298,0.564
3,0.411,0.675,0.0591,0.063,0,0.092,0.545
3,0.621,0.785,0.11,0.0165,5.92E-06,0.0512,0.779
3,0.63,0.91,0.058,0.0231,1.91E-06,0.125,0.525
3,0.627,0.859,0.0384,0.00958,0.00345,0.121,0.491
3,0.639,0.965,0.0435,0.00632,0.148,0.364,0.408
3,0.459,0.663,0.1,0.0169,0,0.0621,0.412
3,0.579,0.834,0.306,0.203,0,0.218,0.494
3,0.729,0.868,0.155,0.14,0,0.237,0.846
3,0.687,0.818,0.0778,0.0112,0,0.248,0.886
3,0.658,0.778,0.06,0.262,0.0779,0.0773,0.627
3,0.924,0.716,0.0541,0.0177,1.15E-06,0.128,0.48
3,0.701,0.755,0.0417,0.00363,0.000795,0.121,0.116
3,0.678,0.721,0.0449,0.0331,9.90E-06,0.347,0.323
3,0.633,0.698,0.152,0.176,0,0.0935,0.268
3,0.708,0.729,0.0406,0.0233,0.000565,0.186,0.325
3,0.591,0.941,0.0627,0.0609,8.55E-06,0.182,0.479
3,0.637,0.59,0.04,0.391,0.00745,0.106,0.145
3,0.49,0.865,0.0636,0.000258,0,0.067,0.479
3,0.721,0.879,0.231,0.223,0.00214,0.226,0.653
3,0.577,0.694,0.046,0.016,9.74E-06,0.292,0.683
3,0.754,0.763,0.0435,0.0301,2.23E-05,0.0901,0.464
3,0.298,0.702,0.0727,0.0459,0,0.0895,0.192
3,0.646,0.749,0.0336,0.229,0,0.14,0.836
3,0.579,0.785,0.0761,0.1,6.67E-05,0.202,0.425
3,0.539,0.715,0.0595,0.0265,0,0.609,0.489
3,0.628,0.967,0.0538,0.0217,0.00157,0.336,0.349
3,0.712,0.819,0.0387,0.119,0,0.141,0.701
3,0.49,0.972,0.0564,0.0492,0.354,0.189,0.494
3,0.67,0.749,0.277,0.358,9.51E-05,0.0836,0.766
3,0.771,0.573,0.278,0.0191,0,0.11,0.3
3,0.516,0.789,0.163,0.000522,0.00206,0.289,0.266
3,0.723,0.837,0.0389,0.0103,0.000477,0.0834,0.643
3,0.642,0.818,0.032,0.0567,0,0.0919,0.59
3,0.669,0.547,0.0845,0.296,0,0.536,0.579
3,0.703,0.834,0.0603,0.0139,0,0.1,0.863
3,0.882,0.655,0.0401,0.106,0.00414,0.131,0.68
3,0.694,0.622,0.237,0.00603,0,0.208,0.339
3,0.454,0.785,0.0416,0.00647,0,0.463,0.353
3,0.684,0.764,0.0478,0.0237,6.50E-05,0.131,0.583
3,0.754,0.824,0.068,0.0777,0.000155,0.0444,0.683
3,0.914,0.506,0.223,0.204,0,0.103,0.428
3,0.694,0.902,0.315,0.0879,0,0.254,0.376
3,0.614,0.934,0.07,0.0697,0,0.121,0.436
3,0.446,0.982,0.153,5.72E-05,0.000234,0.364,0.23
3,0.573,0.608,0.0381,0.0138,1.30E-06,0.0828,0.28
3,0.721,0.769,0.105,0.0922,0,0.0817,0.915
3,0.604,0.823,0.0525,0.32,0,0.13,0.819
3,0.541,0.886,0.062,0.115,6.55E-06,0.384,0.729
3,0.631,0.594,0.0326,0.0791,8.94E-06,0.0745,0.808
3,0.669,0.916,0.038,0.254,0.00117,0.356,0.54
3,0.951,0.878,0.211,0.0509,1.61E-05,0.321,0.923
3,0.801,0.601,0.255,0.0777,3.23E-05,0.145,0.74
3,0.741,0.691,0.0672,0.0221,0,0.0476,0.892
3,0.539,0.648,0.0619,0.118,0,0.362,0.403
3,0.629,0.692,0.0376,0.00981,0.331,0.603,0.453
3,0.544,0.546,0.0923,0.0099,0.00027,0.392,0.151
3,0.529,0.673,0.175,0.000307,2.41E-06,0.093,0.366
3,0.823,0.388,0.491,0.0187,0,0.0876,0.507
3,0.85,0.631,0.227,0.00684,0.000406,0.0679,0.738
3,0.767,0.628,0.242,0.21,8.79E-06,0.275,0.798
3,0.916,0.583,0.241,0.186,0,0.0798,0.661
3,0.767,0.787,0.0575,0.0367,8.82E-05,0.048,0.675
3,0.503,0.849,0.0308,0.00202,0,0.28,0.341
3,0.664,0.609,0.0707,0.304,0,0.0926,0.194
3,0.72,0.607,0.0322,0.0543,0,0.113,0.828
3,0.899,0.691,0.0497,0.18,0.000451,0.135,0.865
3,0.881,0.782,0.0803,0.06,0,0.0616,0.774
3,0.749,0.63,0.116,0.0623,0,0.353,0.445
3,0.607,0.522,0.0704,0.0553,0,0.0909,0.265
3,0.601,0.843,0.0593,0.000704,5.27E-05,0.0681,0.534
3,0.486,0.545,0.0336,0.0652,0.00474,0.0642,0.0385
3,0.679,0.587,0.276,0.141,6.35E-06,0.137,0.486
3,0.674,0.759,0.0695,0.0784,0.472,0.296,0.109
3,0.768,0.526,0.0611,0.594,0,0.144,0.584
3,0.824,0.764,0.0854,0.0888,0.00294,0.117,0.881
3,0.696,0.809,0.05,0.252,0.000128,0.248,0.857
3,0.873,0.575,0.0702,0.0891,0,0.108,0.872
3,0.83,0.585,0.094,0.237,0,0.248,0.485
3,0.666,0.465,0.26,0.0503,0,0.215,0.292
3,0.647,0.608,0.42,0.13,0,0.0584,0.474
3,0.707,0.909,0.261,0.413,0,0.305,0.703
3,0.755,0.536,0.12,0.114,0,0.0282,0.882
3,0.459,0.521,0.0342,0.0541,0.00396,0.104,0.122
3,0.773,0.422,0.187,0.00783,0.00693,0.129,0.488
3,0.782,0.559,0.0767,0.125,0,0.385,0.685
3,0.912,0.655,0.162,0.315,3.39E-05,0.0894,0.793
3,0.571,0.549,0.404,0.18,0,0.168,0.447
3,0.779,0.726,0.0317,0.0489,0,0.656,0.451
3,0.662,0.877,0.112,0.0874,0,0.273,0.545
3,0.849,0.424,0.324,0.0635,0,0.0834,0.153
3,0.647,0.803,0.389,0.137,4.06E-06,0.0952,0.55
3,0.559,0.62,0.0516,0.706,0,0.229,0.711
3,0.898,0.676,0.187,0.14,0,0.101,0.742
3,0.731,0.675,0.0434,0.00473,0,0.141,0.298
3,0.831,0.427,0.106,0.0531,0,0.307,0.216
3,0.728,0.484,0.146,0.374,0,0.123,0.692
3,0.855,0.488,0.208,0.506,0,0.347,0.619
3,0.732,0.678,0.0886,0.0867,2.41E-05,0.112,0.196
3,0.749,0.671,0.0599,0.68,0,0.167,0.756
3,0.799,0.653,0.037,0.019,0,0.0935,0.236
1,0.67,0.743,0.0393,0.237,0,0.465,0.571
1,0.737,0.846,0.22,0.00614,0,0.0486,0.546
1,0.673,0.902,0.0346,0.0591,0.000262,0.0558,0.538
1,0.699,0.529,0.0487,0.0317,3.59E-05,0.285,0.121
1,0.788,0.859,0.0856,0.281,0,0.0424,0.822
1,0.333,0.637,0.0581,0.131,1.80E-05,0.149,0.132
1,0.745,0.681,0.0361,0.0696,0,0.164,0.613
1,0.548,0.816,0.0465,0.122,0,0.335,0.557
1,0.682,0.72,0.0381,0.326,0,0.148,0.673
1,0.588,0.701,0.0402,0.00813,0,0.2,0.443
1,0.356,0.684,0.0878,0.152,0,0.101,0.347
1,0.685,0.738,0.0595,0.0695,0,0.128,0.8
1,0.561,0.965,0.0343,0.00383,7.07E-06,0.371,0.304
1,0.838,0.525,0.0665,0.345,1.92E-06,0.0771,0.884
1,0.842,0.734,0.0588,0.0427,0,0.106,0.952
1,0.637,0.69,0.0405,0.00786,0,0.124,0.457
1,0.64,0.648,0.187,0.124,0,0.0802,0.548
1,0.514,0.73,0.0598,0.00146,9.54E-05,0.0897,0.334
1,0.593,0.503,0.22,0.293,0,0.405,0.71
1,0.731,0.626,0.0805,0.125,0,0.183,0.862
1,0.898,0.732,0.0427,0.621,1.29E-05,0.0908,0.96
1,0.759,0.605,0.0433,0.156,0,0.694,0.64
1,0.746,0.765,0.0993,0.0112,0,0.0936,0.737
1,0.756,0.697,0.0401,0.182,0,0.333,0.956
1,0.789,0.711,0.041,0.0332,0,0.0876,0.753
1,0.759,0.54,0.0287,0.037,0,0.0945,0.75
1,0.737,0.747,0.0323,0.269,0,0.219,0.447
1,0.686,0.538,0.0345,0.181,3.13E-06,0.113,0.584
1,0.912,0.774,0.0455,0.121,0.0127,0.101,0.632
1,0.763,0.661,0.056,0.169,0,0.117,0.632
1,0.717,0.671,0.0337,0.0018,2.54E-06,0.0921,0.699
1,0.798,0.675,0.0442,0.0912,0,0.0894,0.842
1,0.759,0.459,0.0948,0.00323,0,0.0788,0.695
1,0.612,0.862,0.037,0.041,0,0.0907,0.354
1,0.677,0.696,0.119,0.321,0,0.42,0.464
1,0.856,0.609,0.0824,0.00801,8.15E-05,0.0344,0.928
1,0.815,0.518,0.0897,0.223,0,0.104,0.877
1,0.776,0.808,0.117,0.0297,0.000127,0.103,0.494
1,0.717,0.455,0.0276,0.0846,0,0.11,0.389
1,0.774,0.792,0.0523,0.051,0,0.155,0.507
1,0.691,0.829,0.0412,0.0289,0,0.254,0.866
1,0.723,0.772,0.0792,0.00524,1.15E-05,0.367,0.58
1,0.836,0.743,0.0656,0.0995,0,0.335,0.722
1,0.476,0.594,0.135,0.0599,0,0.0785,0.314
1,0.628,0.877,0.046,0.0155,5.97E-06,0.113,0.721
1,0.585,0.696,0.0307,0.204,0,0.344,0.522
1,0.795,0.48,0.0688,0.243,0,0.271,0.723
1,0.769,0.479,0.0385,0.66,0,0.0914,0.803
1,0.792,0.895,0.0587,0.165,0,0.0501,0.793
1,0.494,0.553,0.197,0.413,4.17E-05,0.218,0.359
1,0.61,0.83,0.0571,0.033,0,0.118,0.728
1,0.762,0.701,0.0286,0.235,0.000158,0.123,0.742
1,0.399,0.491,0.0538,0.0563,0.00089,0.11,0.151
1,0.669,0.832,0.0682,0.0106,0,0.0968,0.7
1,0.575,0.571,0.0439,0.0558,0,0.0912,0.449
1,0.659,0.618,0.0642,0.261,0,0.184,0.196
1,0.673,0.704,0.36,0.196,0,0.0898,0.372
1,0.806,0.513,0.0685,0.217,0,0.217,0.503
1,0.794,0.793,0.0842,0.0125,0,0.0952,0.677
1,0.647,0.822,0.183,0.219,0,0.0908,0.962
1,0.72,0.715,0.04,0.258,0.0568,0.107,0.357
1,0.57,0.756,0.0257,0.0497,0,0.33,0.72
1,0.568,0.824,0.0299,0.403,0,0.0855,0.753
1,0.814,0.628,0.221,0.167,0,0.101,0.677
1,0.795,0.616,0.06,0.417,0,0.349,0.815
1,0.601,0.713,0.0449,0.0282,0,0.158,0.464
1,0.614,0.934,0.07,0.0697,0,0.121,0.436
1,0.763,0.782,0.0346,0.182,7.08E-06,0.293,0.502
1,0.621,0.747,0.0337,0.222,0.000194,0.147,0.426
1,0.734,0.874,0.0662,0.168,1.14E-05,0.0489,0.905
1,0.595,0.784,0.102,0.216,0,0.0608,0.479
1,0.725,0.828,0.0332,0.0247,0,0.0716,0.916
1,0.722,0.893,0.0475,0.0441,0.000937,0.0673,0.439
1,0.721,0.769,0.105,0.0922,0,0.0817,0.915
1,0.674,0.881,0.147,0.296,3.01E-06,0.0793,0.234
1,0.681,0.657,0.0432,0.0748,0,0.353,0.628
1,0.48,0.895,0.0426,0.00183,0,0.111,0.356
1,0.614,0.615,0.0444,0.054,0,0.0921,0.374
1,0.563,0.908,0.0868,0.0696,0,0.328,0.171
1,0.771,0.671,0.0553,0.00929,0,0.0637,0.714
1,0.954,0.516,0.16,0.03,7.54E-06,0.0504,0.624
1,0.824,0.862,0.126,0.0076,0.000132,0.303,0.801
1,0.88,0.504,0.0609,0.0532,0.0715,0.443,0.476
1,0.507,0.828,0.0449,0.00711,2.44E-05,0.261,0.489
1,0.779,0.705,0.0344,0.369,7.91E-06,0.124,0.946
1,0.824,0.587,0.0937,0.69,0.000105,0.149,0.514
1,0.662,0.807,0.0411,0.293,3.55E-06,0.189,0.772
1,0.787,0.833,0.0478,0.018,0.00747,0.0374,0.796
1,0.652,0.897,0.036,0.293,0,0.0722,0.475
1,0.602,0.91,0.0308,0.00126,0.000174,0.12,0.228
1,0.758,0.913,0.113,0.00364,6.92E-05,0.193,0.658
1,0.676,0.525,0.028,0.617,0,0.356,0.421
1,0.667,0.75,0.0906,0.0746,0.000198,0.197,0.486
1,0.779,0.342,0.0405,0.701,2.75E-06,0.132,0.482
1,0.852,0.698,0.0629,0.00839,1.03E-06,0.0773,0.324
1,0.676,0.786,0.0478,0.197,0,0.0943,0.483
1,0.693,0.678,0.0324,0.0151,5.71E-06,0.101,0.404
1,0.77,0.882,0.0602,0.194,0,0.316,0.385
1,0.862,0.753,0.0625,0.131,2.01E-06,0.077,0.827
1,0.7,0.872,0.0666,0.121,7.08E-06,0.103,0.761
1,0.673,0.886,0.0431,0.185,0,0.0826,0.795
1,0.673,0.902,0.0346,0.0591,0.000262,0.0558,0.538
1,0.578,0.866,0.0619,0.00701,0,0.257,0.619
1,0.703,0.444,0.0417,0.559,0,0.0973,0.712
1,0.632,0.856,0.0348,0.0624,0,0.347,0.867
1,0.504,0.904,0.179,0.356,0.121,0.14,0.772
1,0.629,0.545,0.0546,0.719,0.00308,0.0604,0.194
1,0.352,0.911,0.0747,0.00121,0,0.0995,0.236
1,0.56,0.936,0.0439,0.00847,0,0.161,0.371
1,0.559,0.868,0.17,0.0475,0.000176,0.776,0.609
1,0.731,0.804,0.0473,0.172,0.00028,0.0685,0.957
1,0.501,0.809,0.0938,0.0338,0.00602,0.119,0.258
1,0.541,0.591,0.0336,0.289,0.000431,0.124,0.116
1,0.645,0.795,0.0527,0.347,0.00389,0.104,0.535
1,0.568,0.824,0.0299,0.403,0,0.0855,0.753
1,0.62,0.573,0.0423,0.271,0,0.0607,0.897
1,0.529,0.127,0.0274,0.611,0.000109,0.237,0.578
1,0.388,0.338,0.0329,0.652,3.73E-06,0.248,0.478
1,0.481,0.638,0.0276,0.153,0,0.154,0.497
1,0.573,0.902,0.054,0.018,0.00125,0.0928,0.876
1,0.508,0.834,0.0386,0.0183,0,0.0732,0.774
1,0.543,0.87,0.0428,0.358,0.000939,0.792,0.754
1,0.727,0.974,0.0664,0.103,0.000532,0.174,0.965
1,0.674,0.832,0.0308,0.146,5.06E-06,0.138,0.981
1,0.547,0.82,0.0805,0.261,0,0.3,0.933
1,0.701,0.944,0.0455,0.0755,0,0.601,0.792
1,0.671,0.373,0.0323,0.257,8.01E-05,0.0481,0.732
1,0.491,0.802,0.0392,0.25,0,0.387,0.472
1,0.38,0.43,0.0288,0.546,1.71E-05,0.188,0.547
1,0.557,0.54,0.0347,0.0339,0.00248,0.179,0.394
1,0.531,0.481,0.06,0.699,0,0.0842,0.491
1,0.663,0.6,0.032,0.43,0,0.184,0.8
1,0.334,0.477,0.0276,0.618,4.17E-06,0.312,0.405
1,0.601,0.532,0.0286,0.432,6.25E-06,0.0925,0.341
1,0.67,0.584,0.034,0.439,0.00614,0.178,0.944
1,0.5,0.681,0.0672,0.114,4.01E-05,0.139,0.745
1,0.739,0.511,0.0362,0.167,1.34E-06,0.133,0.542
1,0.851,0.551,0.0396,0.151,0,0.0827,0.807
1,0.792,0.647,0.045,0.255,0.000223,0.132,0.694
1,0.836,0.509,0.0548,0.467,4.10E-06,0.0436,0.949
1,0.681,0.163,0.165,0.881,7.62E-05,0.0688,0.771
1,0.596,0.869,0.037,0.0116,0.173,0.0678,0.944
1,0.729,0.844,0.0344,0.149,2.87E-06,0.0604,0.777
1,0.703,0.826,0.0341,0.0322,0.00629,0.179,0.945
1,0.774,0.75,0.0412,0.00207,1.78E-05,0.0808,0.927
1,0.71,0.799,0.0328,0.22,0.000602,0.349,0.725
1,0.871,0.346,0.0522,0.298,9.24E-06,0.108,0.659
1,0.751,0.501,0.0551,0.234,0.112,0.0467,0.902
1,0.542,0.813,0.0429,0.0765,0.252,0.116,0.305
1,0.742,0.838,0.11,0.0832,0,0.418,0.848
1,0.777,0.601,0.126,0.0406,0.00201,0.0348,0.68
1,0.414,0.428,0.0278,0.382,0.000243,0.148,0.282
1,0.536,0.928,0.0589,0.0154,0.00134,0.2,0.389
1,0.537,0.84,0.0363,0.2,2.15E-06,0.0998,0.211
1,0.814,0.373,0.116,0.602,1.70E-05,0.0931,0.632
1,0.45,0.656,0.0472,0.664,3.02E-06,0.259,0.782
1,0.5,0.501,0.0376,0.462,0,0.26,0.623
1,0.694,0.565,0.0345,0.194,0.000172,0.0806,0.692
1,0.613,0.953,0.0855,0.00148,0.000582,0.152,0.537
1,0.527,0.942,0.0366,0.0115,0,0.188,0.495
1,0.467,0.958,0.0775,0.000479,0.199,0.299,0.701
1,0.565,0.564,0.0292,0.161,0,0.114,0.454
1,0.529,0.768,0.0566,0.00224,0.00075,0.297,0.769
1,0.826,0.49,0.0676,0.00916,4.41E-06,0.0415,0.627
1,0.62,0.936,0.0308,0.0261,0,0.0679,0.763
1,0.687,0.704,0.0423,0.0745,0,0.0924,0.843
1,0.659,0.513,0.0293,0.315,0,0.283,0.855
1,0.699,0.812,0.0377,0.0164,0.000763,0.105,0.662
1,0.572,0.786,0.0642,0.519,0.00093,0.11,0.952
1,0.586,0.941,0.0375,0.0167,0.000776,0.068,0.831
1,0.779,0.542,0.0515,0.0358,0.000659,0.33,0.647
1,0.572,0.418,0.0349,0.635,0,0.0961,0.694
1,0.491,0.583,0.0376,0.185,0,0.406,0.908
1,0.429,0.543,0.0347,0.536,2.54E-05,0.125,0.693
1,0.518,0.907,0.0343,0.00221,1.15E-05,0.0838,0.961
1,0.73,0.487,0.0303,0.258,0.01,0.0852,0.731
1,0.66,0.816,0.0299,0.168,0.0181,0.0608,0.678
1,0.887,0.48,0.117,0.0094,3.58E-05,0.0662,0.607
1,0.536,0.854,0.0298,0.0129,0.743,0.156,0.905
1,0.621,0.901,0.0302,0.17,0,0.0875,0.744
1,0.801,0.806,0.0381,0.382,0.000669,0.114,0.802
1,0.633,0.684,0.591,0.314,8.95E-05,0.112,0.725
1,0.736,0.795,0.0545,0.498,1.21E-06,0.254,0.511
1,0.857,0.557,0.0396,0.4,0,0.0932,0.461
1,0.606,0.729,0.0619,0.24,1.73E-06,0.423,0.527
1,0.816,0.466,0.0578,0.17,0,0.0924,0.274
1,0.436,0.655,0.0583,0.499,8.10E-06,0.688,0.412
1,0.646,0.743,0.338,0.147,0,0.101,0.891
1,0.642,0.396,0.0642,0.462,0.000823,0.106,0.797
1,0.684,0.607,0.1,0.0267,0.000307,0.191,0.498
1,0.794,0.766,0.0377,0.0135,0,0.0785,0.55
1,0.657,0.392,0.309,0.478,0,0.207,0.769
1,0.759,0.646,0.12,0.231,0,0.161,0.445
1,0.579,0.778,0.0887,0.0522,0.0205,0.142,0.917
1,0.642,0.706,0.052,0.518,0,0.25,0.896
1,0.954,0.516,0.16,0.03,7.54E-06,0.0504,0.624
1,0.716,0.645,0.056,0.0636,0.00109,0.089,0.619
1,0.797,0.779,0.141,0.319,0.000142,0.266,0.82
1,0.745,0.353,0.0983,0.174,0.00662,0.118,0.598
1,0.761,0.525,0.0944,0.44,6.70E-06,0.0921,0.531
1,0.768,0.714,0.0401,0.352,0,0.15,0.842
1,0.574,0.479,0.0355,0.179,0.0803,0.106,0.303
1,0.739,0.888,0.0457,0.0215,0,0.318,0.881
1,0.702,0.677,0.0506,0.132,0,0.128,0.752
1,0.831,0.601,0.0341,0.605,0.00517,0.102,0.821
1,0.671,0.876,0.0352,0.12,0.188,0.0823,0.964
1,0.679,0.762,0.0316,0.00469,0.23,0.0446,0.511
1,0.547,0.851,0.0347,0.073,0.169,0.225,0.446
1,0.671,0.845,0.048,0.0207,0,0.329,0.775
1,0.788,0.649,0.0532,0.253,0.0136,0.12,0.229
1,0.657,0.875,0.089,0.0328,0,0.267,0.745
1,0.602,0.835,0.0413,0.0921,6.43E-05,0.138,0.496
1,0.714,0.873,0.0393,0.0549,0.63,0.355,0.767
1,0.784,0.728,0.0539,0.34,0,0.222,0.713
1,0.749,0.605,0.0494,0.325,0,0.518,0.638
1,0.769,0.858,0.15,0.117,0.0186,0.157,0.86
1,0.589,0.71,0.0372,0.000333,0.0124,0.108,0.308
1,0.649,0.621,0.034,0.126,0.0267,0.143,0.74
1,0.694,0.84,0.0364,0.00375,0.0163,0.116,0.711
1,0.747,0.616,0.0324,0.176,0.116,0.143,0.908
1,0.67,0.786,0.107,0.039,0,0.433,0.578
1,0.732,0.464,0.0527,0.0899,3.10E-05,0.0997,0.647
1,0.815,0.518,0.0897,0.223,0,0.104,0.877
1,0.689,0.788,0.084,0.07,0,0.246,0.656
1,0.587,0.649,0.0416,0.224,0,0.116,0.428
1,0.97,0.547,0.243,0.00794,0.00295,0.0715,0.814
1,0.689,0.952,0.114,0.113,0.78,0.298,0.415
1,0.661,0.814,0.0581,0.0507,0,0.0831,0.683
1,0.729,0.763,0.0363,0.033,1.00E-06,0.192,0.864
1,0.708,0.746,0.0565,0.0408,0.00178,0.0815,0.672
1,0.782,0.792,0.0863,0.114,0.00857,0.0962,0.249
1,0.758,0.655,0.0305,0.143,0,0.158,0.972
1,0.711,0.81,0.0576,0.229,0,0.125,0.451
1,0.551,0.55,0.0286,0.777,0,0.202,0.342
1,0.768,0.663,0.0355,0.581,0,0.0974,0.559
1,0.746,0.622,0.241,0.201,0.00113,0.104,0.719
1,0.704,0.797,0.0475,0.0826,0.000745,0.0546,0.825
1,0.456,0.775,0.037,0.000313,0.823,0.674,0.793
1,0.695,0.762,0.0395,0.192,0.00244,0.0863,0.553
1,0.513,0.826,0.0574,0.555,3.48E-05,0.366,0.539
1,0.803,0.387,0.0723,0.207,1.98E-06,0.217,0.5
1,0.676,0.868,0.138,0.219,1.35E-05,0.377,0.701
1,0.837,0.809,0.0508,0.175,2.77E-06,0.0784,0.851
1,0.898,0.732,0.0427,0.621,1.29E-05,0.0908,0.96
1,0.637,0.768,0.056,0.458,0.00192,0.378,0.297
1,0.719,0.461,0.0454,0.279,0,0.0875,0.548
1,0.729,0.786,0.0389,0.117,0,0.265,0.729
1,0.539,0.835,0.259,0.00263,0,0.344,0.771
1,0.464,0.724,0.0705,0.0188,0,0.679,0.303
1,0.867,0.771,0.0939,0.0385,0,0.133,0.715
1,0.736,0.483,0.0682,0.505,1.39E-05,0.351,0.606
1,0.74,0.697,0.034,0.0268,0,0.224,0.732
1,0.792,0.503,0.0626,0.0369,0.00057,0.0959,0.381
1,0.622,0.375,0.0279,0.411,0,0.0812,0.221
1,0.68,0.697,0.0484,0.121,0,0.661,0.684
1,0.701,0.875,0.0757,0.0262,7.32E-06,0.137,0.84
1,0.6,0.667,0.0319,0.227,0.00067,0.148,0.722
1,0.628,0.476,0.0352,0.417,0,0.121,0.336
1,0.746,0.647,0.106,0.0267,0,0.052,0.393
1,0.543,0.677,0.284,0.514,1.19E-05,0.239,0.712
1,0.68,0.428,0.135,0.376,0.000344,0.355,0.334
1,0.422,0.44,0.0544,0.617,0,0.0837,0.332
1,0.876,0.565,0.0333,0.16,0.0284,0.114,0.931
1,0.815,0.848,0.115,0.023,0.000162,0.0265,0.684
1,0.829,0.792,0.0668,0.726,5.83E-06,0.122,0.758
1,0.609,0.692,0.0259,0.0157,0,0.0864,0.454
1,0.768,0.714,0.0401,0.352,0,0.15,0.842
1,0.761,0.525,0.0944,0.44,6.70E-06,0.0921,0.531
1,0.704,0.797,0.0475,0.0826,0.000745,0.0546,0.825
1,0.772,0.75,0.0455,0.0201,0,0.074,0.587
1,0.689,0.627,0.308,0.105,0.000321,0.0905,0.905
1,0.591,0.764,0.0483,0.0383,0,0.103,0.478
1,0.52,0.903,0.042,0.00517,0,0.254,0.652
1,0.68,0.697,0.0484,0.121,0,0.661,0.684
1,0.737,0.846,0.22,0.00614,0,0.0486,0.546
1,0.565,0.636,0.0638,0.107,9.90E-06,0.447,0.525
1,0.551,0.55,0.0286,0.777,0,0.202,0.342
1,0.606,0.799,0.0261,0.0128,0,0.15,0.638
1,0.468,0.779,0.0779,0.112,0.000373,0.101,0.26
1,0.52,0.731,0.0557,0.342,0.00101,0.311,0.662
1,0.742,0.527,0.0769,0.327,0,0.25,0.638
1,0.788,0.859,0.0856,0.281,0,0.0424,0.822
1,0.881,0.592,0.0324,0.619,1.32E-05,0.0901,0.719
1,0.702,0.825,0.0601,0.00883,0,0.0674,0.915
1,0.697,0.875,0.034,0.137,0,0.28,0.774
1,0.548,0.816,0.0465,0.122,0,0.335,0.557
1,0.713,0.676,0.027,0.0377,0,0.154,0.721
1,0.611,0.797,0.0533,0.00543,0.00137,0.26,0.518
1,0.588,0.701,0.0402,0.00813,0,0.2,0.443
1,0.65,0.825,0.0325,0.0215,2.44E-05,0.0936,0.593
1,0.685,0.738,0.0595,0.0695,0,0.128,0.8
1,0.561,0.965,0.0343,0.00383,7.07E-06,0.371,0.304
1,0.838,0.525,0.0665,0.345,1.92E-06,0.0771,0.884
1,0.574,0.852,0.0397,0.0529,0,0.161,0.501
1,0.733,0.67,0.0751,0.121,0,0.121,0.472
1,0.731,0.626,0.0805,0.125,0,0.183,0.862
1,0.898,0.732,0.0427,0.621,1.29E-05,0.0908,0.96
1,0.671,0.636,0.103,0.515,0.000411,0.172,0.262
1,0.801,0.806,0.0381,0.382,0.000669,0.114,0.802
1,0.756,0.697,0.0401,0.182,0,0.333,0.956
1,0.686,0.538,0.0345,0.181,3.13E-06,0.113,0.584
1,0.912,0.774,0.0455,0.121,0.0127,0.101,0.632
1,0.717,0.671,0.0337,0.0018,2.54E-06,0.0921,0.699
1,0.745,0.681,0.0361,0.0696,0,0.164,0.613
1,0.74,0.697,0.034,0.0268,0,0.224,0.732
1,0.689,0.706,0.0312,0.0833,0,0.105,0.623
1,0.836,0.743,0.0656,0.0995,0,0.335,0.722
1,0.586,0.556,0.0592,0.00655,0,0.0836,0.517
1,0.721,0.738,0.0403,0.00226,4.41E-06,0.118,0.637
1,0.707,0.681,0.0668,0.0632,5.15E-06,0.0322,0.646
1,0.399,0.491,0.0538,0.0563,0.00089,0.11,0.151
1,0.659,0.667,0.0339,0.00173,2.85E-05,0.1,0.468
1,0.806,0.513,0.0685,0.217,0,0.217,0.503
1,0.576,0.457,0.0304,0.143,3.05E-05,0.0917,0.301
1,0.733,0.436,0.08,0.258,0.000573,0.157,0.0976
1,0.721,0.769,0.105,0.0922,0,0.0817,0.915
1,0.796,0.798,0.0317,0.034,4.19E-05,0.0952,0.942
1,0.7,0.613,0.0408,0.385,0,0.0887,0.42
1,0.745,0.729,0.221,0.0558,0,0.0589,0.629
1,0.685,0.886,0.034,0.028,0,0.481,0.615
1,0.584,0.576,0.0519,0.507,0,0.212,0.432
1,0.636,0.888,0.0945,0.00162,0.000216,0.147,0.25
1,0.643,0.585,0.0369,0.225,0,0.0927,0.188
1,0.667,0.75,0.0906,0.0746,0.000198,0.197,0.486
1,0.671,0.845,0.048,0.0207,0,0.329,0.775
1,0.729,0.763,0.0363,0.033,1.00E-06,0.192,0.864
1,0.712,0.603,0.0262,0.186,0,0.115,0.67
1,0.624,0.684,0.0513,0.0336,0,0.0771,0.75
1,0.59,0.867,0.0649,0.00721,0,0.355,0.758
1,0.701,0.875,0.0757,0.0262,7.32E-06,0.137,0.84
1,0.698,0.895,0.0628,0.172,1.45E-05,0.409,0.838
1,0.668,0.802,0.0917,0.0273,0,0.163,0.769
1,0.552,0.873,0.0464,0.00137,0.000273,0.0966,0.62
1,0.695,0.656,0.0489,0.057,0,0.267,0.346
1,0.935,0.81,0.117,0.0401,0,0.349,0.787
1,0.707,0.689,0.0387,0.0255,0,0.383,0.41
1,0.703,0.68,0.0431,0.0171,0,0.178,0.536
1,0.769,0.858,0.15,0.117,0.0186,0.157,0.86
1,0.628,0.476,0.0352,0.417,0,0.121,0.336
1,0.675,0.793,0.157,0.108,0,0.103,0.233
1,0.812,0.706,0.0709,0.0412,0,0.107,0.621
1,0.544,0.572,0.0319,0.118,0,0.234,0.52
1,0.747,0.802,0.0346,0.0117,0.0102,0.275,0.552
2,0.508,0.43,0.0335,0.83,0.000441,0.093,0.324
2,0.445,0.232,0.0294,0.886,3.31E-06,0.128,0.246
2,0.676,0.461,0.0304,0.555,0,0.0951,0.466
2,0.554,0.326,0.0299,0.697,0,0.0876,0.278
2,0.637,0.513,0.0367,0.518,0,0.124,0.234
2,0.4,0.479,0.0308,0.0529,2.14E-06,0.115,0.213
2,0.62,0.379,0.0412,0.797,0,0.195,0.509
2,0.4,0.641,0.0674,0.214,0,0.0656,0.393
2,0.582,0.231,0.0358,0.933,4.16E-06,0.132,0.191
2,0.55,0.548,0.032,0.648,1.92E-06,0.249,0.428
2,0.362,0.54,0.0528,0.338,0,0.139,0.3
2,0.573,0.17,0.0555,0.834,3.08E-06,0.108,0.28
2,0.453,0.383,0.163,0.728,0,0.387,0.333
2,0.595,0.667,0.0394,0.227,0,0.103,0.401
2,0.547,0.222,0.0458,0.962,9.31E-05,0.101,0.528
2,0.357,0.425,0.0333,0.584,0,0.322,0.27
2,0.548,0.474,0.0446,0.587,0,0.121,0.261
2,0.322,0.231,0.0347,0.932,0.00076,0.149,0.228
2,0.379,0.29,0.051,0.952,0.00106,0.118,0.169
2,0.395,0.331,0.0524,0.911,2.57E-06,0.166,0.261
2,0.661,0.517,0.0406,0.223,0,0.116,0.241
2,0.512,0.204,0.036,0.942,0,0.106,0.296
2,0.609,0.692,0.0259,0.0157,0,0.0864,0.454
2,0.445,0.537,0.04,0.695,1.65E-05,0.0944,0.131
2,0.563,0.382,0.0404,0.748,0,0.0714,0.197
2,0.663,0.251,0.0435,0.88,0,0.0932,0.528
2,0.467,0.359,0.0815,0.843,0,0.0913,0.21
2,0.445,0.455,0.0575,0.731,1.47E-06,0.124,0.151
2,0.44,0.04,0.0322,0.981,0.465,0.111,0.249
2,0.508,0.417,0.0296,0.77,0.0928,0.0887,0.483
2,0.571,0.0274,0.0649,0.948,6.43E-06,0.322,0.087
2,0.436,0.255,0.0364,0.955,3.28E-05,0.106,0.15
2,0.408,0.338,0.0431,0.521,0.000639,0.0732,0.1
2,0.5,0.373,0.0335,0.602,0,0.137,0.158
2,0.364,0.294,0.0504,0.833,0,0.264,0.125
2,0.629,0.312,0.0318,0.813,0,0.169,0.456
2,0.562,0.403,0.0361,0.78,0,0.094,0.548
2,0.546,0.442,0.0286,0.24,0,0.122,0.323
2,0.604,0.366,0.0282,0.578,0,0.133,0.13
2,0.543,0.23,0.0417,0.845,0,0.11,0.307
2,0.68,0.406,0.0414,0.782,0.00019,0.11,0.551
2,0.509,0.619,0.0391,0.355,0,0.0739,0.544
2,0.467,0.573,0.23,0.203,1.09E-06,0.102,0.56
2,0.45,0.33,0.0295,0.901,0.0042,0.108,0.174
2,0.816,0.213,0.0529,0.912,4.02E-06,0.0916,0.323
2,0.515,0.387,0.192,0.757,0,0.622,0.408
2,0.587,0.453,0.129,0.356,0.00205,0.0812,0.352
2,0.532,0.623,0.0331,0.538,7.28E-05,0.0925,0.403
2,0.416,0.436,0.035,0.554,0,0.075,0.179
2,0.482,0.43,0.0481,0.763,2.79E-06,0.344,0.113
2,0.471,0.396,0.0336,0.77,0,0.0729,0.263
2,0.371,0.268,0.0281,0.748,0.0517,0.104,0.165
2,0.537,0.17,0.0673,0.869,0,0.0976,0.185
2,0.338,0.562,0.029,0.039,0,0.107,0.259
2,0.497,0.278,0.0464,0.792,0,0.308,0.237
2,0.507,0.294,0.04,0.896,1.97E-05,0.0966,0.386
2,0.708,0.298,0.0483,0.887,0,0.101,0.399
2,0.542,0.358,0.0544,0.612,0,0.369,0.434
2,0.391,0.335,0.0763,0.389,0,0.102,0.116
2,0.384,0.167,0.0375,0.924,0,0.118,0.258
2,0.697,0.336,0.0424,0.598,0.00528,0.107,0.31
2,0.588,0.39,0.0578,0.726,1.26E-05,0.0965,0.206
2,0.551,0.268,0.0427,0.805,0,0.0977,0.335
2,0.56,0.473,0.0533,0.618,0,0.31,0.441
2,0.485,0.396,0.0594,0.738,0,0.0801,0.42
2,0.53,0.281,0.0577,0.798,0,0.0928,0.341
2,0.436,0.409,0.0533,0.499,0.000166,0.38,0.363
2,0.331,0.341,0.0309,0.528,0,0.109,0.152
2,0.443,0.409,0.0335,0.603,0,0.107,0.592
2,0.632,0.349,0.0346,0.926,7.50E-05,0.294,0.307
2,0.684,0.449,0.611,0.869,0,0.0881,0.341
2,0.456,0.615,0.0529,0.614,0,0.0908,0.416
2,0.378,0.334,0.304,0.776,0,0.115,0.496
2,0.534,0.493,0.0316,0.286,0,0.0889,0.232
2,0.567,0.267,0.0299,0.839,1.46E-06,0.089,0.0592
2,0.785,0.318,0.0316,0.866,0,0.115,0.424
2,0.824,0.3,0.0565,0.854,0,0.174,0.227
2,0.691,0.0682,0.0645,0.951,0,0.0916,0.352
2,0.405,0.279,0.0334,0.881,0,0.0933,0.256
2,0.561,0.431,0.0578,0.768,1.42E-05,0.106,0.137
2,0.601,0.794,0.0671,0.00987,1.36E-06,0.418,0.244
2,0.626,0.842,0.0357,0.014,0,0.235,0.55
2,0.601,0.741,0.0478,0.185,2.91E-05,0.415,0.441
2,0.675,0.775,0.0502,0.000496,0,0.0782,0.456
2,0.565,0.636,0.0638,0.107,9.90E-06,0.447,0.525
2,0.65,0.825,0.0325,0.0215,2.44E-05,0.0936,0.593
2,0.707,0.681,0.0668,0.0632,5.15E-06,0.0322,0.646
2,0.445,0.537,0.04,0.695,1.65E-05,0.0944,0.131
2,0.41,0.611,0.0467,0.0228,0,0.116,0.0899
2,0.441,0.599,0.225,0.333,0.00198,0.103,0.35
2,0.52,0.731,0.0557,0.342,0.00101,0.311,0.662
2,0.742,0.527,0.0769,0.327,0,0.25,0.638
2,0.516,0.467,0.0302,0.662,0,0.0853,0.386
2,0.591,0.585,0.0277,0.143,0,0.109,0.324
2,0.695,0.62,0.0521,0.0881,5.43E-05,0.111,0.62
2,0.595,0.784,0.102,0.216,0,0.0608,0.479
2,0.674,0.857,0.0346,0.0557,0.196,0.0942,0.278
2,0.57,0.836,0.103,0.1,0,0.173,0.318
2,0.628,0.593,0.0323,0.093,1.65E-06,0.096,0.104
2,0.76,0.371,0.0531,0.00772,0,0.0785,0.653
2,0.376,0.43,0.0328,0.0902,0,0.0912,0.129
2,0.717,0.671,0.0337,0.0018,2.54E-06,0.0921,0.699
2,0.695,0.573,0.106,0.46,0.0734,0.482,0.408
2,0.719,0.922,0.0338,0.523,0.000163,0.0867,0.964
2,0.645,0.795,0.0527,0.347,0.00389,0.104,0.535
2,0.442,0.612,0.112,0.584,5.70E-06,0.37,0.178
2,0.508,0.378,0.0473,0.516,0,0.119,0.161
2,0.74,0.415,0.0707,0.242,0.000156,0.319,0.156
2,0.576,0.627,0.0449,0.0385,0,0.181,0.311
2,0.769,0.724,0.0864,0.548,0,0.161,0.464
2,0.631,0.503,0.0371,0.404,0,0.116,0.514
2,0.386,0.592,0.374,0.363,0,0.117,0.161
2,0.661,0.651,0.0499,0.117,1.32E-05,0.056,0.368
2,0.824,0.624,0.0827,0.781,0.000189,0.1,0.248
2,0.606,0.819,0.049,0.00298,0,0.0702,0.744
2,0.562,0.437,0.052,0.219,2.18E-05,0.0806,0.15
2,0.64,0.593,0.0431,0.32,0,0.104,0.432
2,0.674,0.595,0.0365,0.358,0,0.146,0.207
2,0.878,0.64,0.0591,0.142,0,0.0981,0.658
2,0.562,0.765,0.21,0.613,0,0.0774,0.707
2,0.602,0.735,0.0337,0.00196,4.77E-05,0.105,0.472
2,0.871,0.372,0.0413,0.253,1.60E-06,0.104,0.608
2,0.473,0.655,0.0373,0.069,1.12E-06,0.144,0.295
2,0.675,0.523,0.0444,0.761,3.17E-06,0.109,0.376
2,0.839,0.525,0.131,0.0303,0,0.302,0.831
2,0.617,0.38,0.0361,0.018,0,0.112,0.192
2,0.654,0.636,0.0391,0.117,0.00179,0.0919,0.392
2,0.81,0.305,0.0902,0.28,0.000116,0.203,0.732
2,0.681,0.783,0.18,0.0262,0,0.206,0.323
2,0.668,0.618,0.0607,0.125,0,0.112,0.389
2,0.737,0.564,0.105,0.436,0,0.351,0.528
2,0.691,0.906,0.171,0.072,0,0.299,0.657
2,0.668,0.687,0.058,0.0157,0.000822,0.149,0.468
2,0.707,0.562,0.0567,0.105,0,0.0999,0.525
2,0.721,0.457,0.159,0.308,0,0.258,0.63
2,0.546,0.733,0.0299,0.0399,1.11E-06,0.235,0.91
2,0.556,0.771,0.0372,0.0619,0,0.153,0.437
2,0.768,0.896,0.0969,0.0152,0,0.0412,0.829
2,0.723,0.64,0.0389,0.122,5.06E-06,0.204,0.456
2,0.795,0.576,0.0289,0.0787,1.01E-05,0.121,0.847
2,0.563,0.859,0.0617,0.00341,0,0.0888,0.351
2,0.691,0.409,0.0376,0.376,0.000224,0.145,0.21
2,0.721,0.666,0.0408,0.0687,0,0.045,0.739
2,0.715,0.778,0.0365,0.0152,0,0.121,0.756
2,0.579,0.783,0.0453,0.00979,0.244,0.116,0.69
2,0.547,0.703,0.0278,0.0776,1.81E-06,0.1,0.385
2,0.781,0.532,0.0374,0.351,0,0.0629,0.332
2,0.612,0.544,0.0666,0.408,0,0.0998,0.694
2,0.618,0.692,0.0804,0.175,0.00031,0.0715,0.714
2,0.55,0.557,0.0356,0.475,0,0.116,0.111
2,0.628,0.524,0.0347,0.103,0.00387,0.111,0.373
2,0.572,0.621,0.0336,0.543,2.19E-06,0.124,0.35
2,0.682,0.642,0.0825,0.391,0.000271,0.107,0.387
2,0.63,0.781,0.0406,0.152,0.000247,0.289,0.188
2,0.445,0.83,0.0885,0.0303,0.000117,0.261,0.135
2,0.322,0.127,0.0352,0.894,5.99E-05,0.143,0.119
2,0.488,0.195,0.0325,0.775,0,0.104,0.336
2,0.503,0.123,0.0327,0.868,2.56E-05,0.111,0.343
2,0.249,0.0712,0.0333,0.979,0.000316,0.102,0.175
2,0.425,0.249,0.0355,0.87,0.00175,0.124,0.235
2,0.577,0.151,0.0278,0.93,7.01E-05,0.116,0.174
2,0.363,0.16,0.0385,0.934,0,0.0753,0.0994
2,0.605,0.316,0.0319,0.869,2.87E-05,0.14,0.344
2,0.572,0.0946,0.0327,0.787,2.27E-05,0.13,0.176
2,0.331,0.234,0.0372,0.9,0,0.124,0.222
2,0.733,0.277,0.0315,0.806,6.39E-06,0.207,0.411
2,0.434,0.386,0.0339,0.932,0,0.0944,0.558
2,0.467,0.0346,0.0311,0.942,3.65E-05,0.108,0.139
2,0.531,0.219,0.0331,0.718,0.361,0.129,0.121
2,0.595,0.184,0.0331,0.795,0,0.15,0.106
2,0.534,0.164,0.0287,0.936,2.70E-05,0.157,0.274
2,0.513,0.218,0.037,0.817,3.31E-06,0.105,0.253
2,0.338,0.0879,0.0721,0.971,5.39E-06,0.111,0.129
2,0.342,0.214,0.045,0.897,0,0.0927,0.257
2,0.405,0.315,0.204,0.764,0,0.103,0.247
2,0.636,0.235,0.0324,0.842,0.00093,0.126,0.138
2,0.543,0.3,0.0322,0.883,0,0.101,0.368
2,0.522,0.152,0.0303,0.788,2.37E-05,0.148,0.133
2,0.783,0.348,0.0337,0.808,0,0.201,0.616
2,0.688,0.338,0.0364,0.745,0,0.0877,0.467
2,0.542,0.129,0.0598,0.938,0,0.0817,0.477
2,0.601,0.171,0.0346,0.942,1.64E-05,0.0903,0.239
2,0.557,0.243,0.0319,0.796,0,0.152,0.665
2,0.542,0.214,0.0415,0.957,0.00025,0.0936,0.226
2,0.737,0.223,0.0478,0.919,0.000395,0.103,0.509
2,0.565,0.209,0.0327,0.896,0,0.125,0.352
2,0.411,0.238,0.0386,0.855,1.15E-05,0.13,0.55
2,0.693,0.111,0.0379,0.937,1.47E-06,0.0858,0.247
2,0.512,0.177,0.0467,0.9,0,0.116,0.346
2,0.418,0.199,0.0294,0.761,2.59E-06,0.113,0.221
2,0.321,0.179,0.0332,0.743,1.26E-05,0.0846,0.329
2,0.639,0.411,0.0285,0.82,0,0.151,0.621
2,0.326,0.123,0.0355,0.977,0,0.116,0.193
2,0.295,0.406,0.0317,0.867,0,0.353,0.102
2,0.461,0.199,0.0392,0.791,1.43E-06,0.112,0.309
2,0.605,0.197,0.0251,0.754,1.90E-05,0.104,0.185
2,0.531,0.144,0.0359,0.94,0,0.103,0.346
2,0.561,0.195,0.0359,0.769,0,0.106,0.332
2,0.461,0.0768,0.0341,0.958,0.851,0.108,0.0789
2,0.634,0.208,0.0396,0.944,0,0.128,0.362
2,0.344,0.188,0.0323,0.866,0.000612,0.178,0.339
2,0.52,0.171,0.0413,0.917,0.483,0.0953,0.0396
2,0.703,0.11,0.0354,0.941,0,0.0895,0.695
2,0.425,0.239,0.0549,0.868,0,0.193,0.201
2,0.653,0.223,0.0316,0.934,0,0.104,0.38
2,0.479,0.126,0.0303,0.966,0,0.113,0.279
2,0.527,0.182,0.0613,0.821,0,0.124,0.206
2,0.431,0.209,0.0475,0.811,0,0.112,0.174
2,0.603,0.15,0.0464,0.958,0,0.133,0.361
2,0.497,0.116,0.0328,0.96,0,0.113,0.369
2,0.64,0.198,0.0292,0.651,4.68E-05,0.0985,0.142
2,0.571,0.17,0.0311,0.956,7.89E-06,0.105,0.269
2,0.572,0.318,0.0313,0.524,0,0.0892,0.286
2,0.337,0.0886,0.0375,0.923,0.0744,0.106,0.0503
2,0.45,0.325,0.0321,0.873,2.24E-06,0.112,0.225
2,0.639,0.198,0.0403,0.949,4.21E-05,0.104,0.38
2,0.586,0.256,0.0309,0.761,0,0.113,0.0826
2,0.561,0.303,0.0283,0.776,0,0.103,0.233
2,0.439,0.217,0.0413,0.933,0,0.126,0.373
2,0.606,0.406,0.0287,0.459,8.49E-06,0.248,0.281
2,0.585,0.204,0.0494,0.752,0,0.0974,0.33
2,0.359,0.208,0.036,0.943,0,0.0931,0.105
2,0.712,0.324,0.0322,0.838,0.201,0.104,0.431
2,0.526,0.128,0.0361,0.913,7.83E-06,0.107,0.365
2,0.414,0.303,0.0412,0.879,0,0.0979,0.349
2,0.724,0.282,0.0354,0.878,9.46E-05,0.109,0.478
2,0.363,0.123,0.034,0.948,0.000362,0.111,0.194
2,0.643,0.193,0.0331,0.928,0,0.11,0.259
2,0.596,0.195,0.0264,0.926,0,0.139,0.176
2,0.547,0.0711,0.0332,0.943,1.25E-06,0.183,0.109
2,0.619,0.226,0.0641,0.959,4.42E-05,0.106,0.188
2,0.692,0.2,0.0316,0.915,1.62E-06,0.132,0.384
2,0.494,0.214,0.0363,0.92,1.07E-05,0.107,0.35
2,0.614,0.217,0.0369,0.868,0,0.0922,0.195
2,0.69,0.204,0.0301,0.932,1.73E-06,0.119,0.525
2,0.311,0.295,0.0344,0.671,0,0.102,0.34
2,0.545,0.264,0.042,0.818,0,0.106,0.44
2,0.718,0.233,0.035,0.839,1.47E-06,0.106,0.23
2,0.49,0.221,0.0534,0.918,8.50E-06,0.658,0.292
2,0.723,0.265,0.0371,0.906,1.07E-05,0.21,0.482
2,0.794,0.38,0.0477,0.762,0,0.262,0.617
2,0.486,0.18,0.0565,0.917,0,0.128,0.54
2,0.699,0.189,0.0469,0.944,0,0.103,0.328
2,0.636,0.293,0.0311,0.879,6.95E-06,0.116,0.55
2,0.53,0.0776,0.0462,0.937,0,0.122,0.282
2,0.687,0.203,0.0345,0.936,3.61E-05,0.109,0.151
2,0.675,0.15,0.0314,0.714,0,0.115,0.413
2,0.617,0.188,0.0563,0.805,0,0.368,0.281
2,0.44,0.371,0.0352,0.82,0.00118,0.248,0.316
2,0.621,0.145,0.0327,0.729,0,0.12,0.185
2,0.446,0.143,0.0594,0.846,0.125,0.093,0.278
2,0.454,0.124,0.0316,0.873,0.0015,0.113,0.394
2,0.453,0.206,0.0305,0.925,6.42E-05,0.0937,0.0565
2,0.521,0.0841,0.0398,0.923,1.22E-05,0.0993,0.219
2,0.664,0.177,0.0335,0.856,0,0.136,0.29
2,0.351,0.296,0.0333,0.934,0,0.095,0.12
2,0.479,0.545,0.0688,0.365,0,0.0963,0.244
2,0.362,0.54,0.0528,0.338,0,0.139,0.3
2,0.5,0.292,0.0323,0.746,0,0.188,0.37
2,0.609,0.619,0.311,0.749,0,0.264,0.689
2,0.445,0.537,0.04,0.695,1.65E-05,0.0944,0.131
2,0.629,0.328,0.029,0.768,2.50E-05,0.103,0.389
2,0.522,0.385,0.0288,0.536,0,0.135,0.236
2,0.662,0.714,0.121,0.312,0,0.179,0.464
2,0.501,0.405,0.0319,0.751,0,0.105,0.446
2,0.71,0.0565,0.0534,0.965,0,0.0889,0.348
2,0.357,0.425,0.0333,0.584,0,0.322,0.27
2,0.667,0.373,0.05,0.785,0,0.0906,0.0823
2,0.726,0.431,0.135,0.731,0,0.696,0.348
2,0.681,0.292,0.0483,0.743,0,0.0974,0.162
2,0.614,0.379,0.0476,0.607,0.000464,0.0986,0.201
2,0.773,0.437,0.0963,0.836,2.42E-05,0.544,0.707
2,0.688,0.53,0.0333,0.443,0,0.0995,0.162
2,0.544,0.369,0.038,0.969,0.279,0.639,0.102
2,0.311,0.485,0.0365,0.701,0,0.0726,0.225
2,0.188,0.411,0.0484,0.174,0.153,0.0843,0.159
2,0.329,0.235,0.0303,0.918,0,0.137,0.22
2,0.574,0.329,0.0274,0.22,0,0.0986,0.356
2,0.507,0.204,0.0504,0.855,0,0.143,0.343
2,0.628,0.639,0.0435,0.00162,0,0.354,0.493
2,0.589,0.242,0.0442,0.914,0,0.0887,0.257
2,0.681,0.372,0.0432,0.64,0,0.169,0.476
2,0.376,0.695,0.0933,0.135,0,0.11,0.302
2,0.209,0.417,0.0338,0.164,0.00196,0.113,0.124
2,0.681,0.174,0.0315,0.837,3.35E-05,0.0983,0.231
2,0.586,0.624,0.113,0.0153,1.78E-06,0.133,0.267
2,0.331,0.341,0.0309,0.528,0,0.109,0.152
2,0.338,0.562,0.029,0.039,0,0.107,0.259
2,0.612,0.28,0.0434,0.932,0,0.088,0.387
2,0.63,0.5,0.0611,0.611,4.04E-05,0.114,0.315
2,0.599,0.465,0.0314,0.643,1.57E-06,0.149,0.0678
2,0.492,0.275,0.3,0.687,0,0.101,0.18
2,0.696,0.543,0.0489,0.308,0,0.0939,0.479
2,0.63,0.694,0.0242,0.144,0,0.0835,0.49
2,0.546,0.311,0.0288,0.818,1.65E-05,0.107,0.246
2,0.561,0.0848,0.0404,0.913,2.62E-05,0.112,0.206
2,0.704,0.225,0.0994,0.902,0.657,0.106,0.243
2,0.55,0.415,0.052,0.161,0,0.108,0.274
2,0.677,0.485,0.0361,0.529,2.04E-05,0.0766,0.493
2,0.516,0.595,0.0313,0.0275,0,0.109,0.222
2,0.376,0.595,0.0496,0.303,0,0.095,0.265
2,0.777,0.526,0.0645,0.302,0,0.105,0.389
2,0.657,0.604,0.0296,0.0361,0,0.102,0.0779
2,0.715,0.715,0.0904,0.0526,0,0.0936,0.506
2,0.646,0.355,0.0263,0.873,0,0.115,0.364
2,0.367,0.111,0.0972,0.978,3.97E-05,0.0897,0.198
2,0.512,0.526,0.0251,0.0724,0,0.0675,0.249
2,0.389,0.665,0.0644,0.178,0.000732,0.116,0.199
2,0.532,0.623,0.0331,0.538,7.28E-05,0.0925,0.403
2,0.453,0.146,0.0343,0.867,3.49E-06,0.0945,0.0915
2,0.684,0.449,0.611,0.869,0,0.0881,0.341
2,0.573,0.422,0.0678,0.551,1.31E-05,0.102,0.693
2,0.681,0.453,0.0278,0.263,0,0.0543,0.348
2,0.41,0.0485,0.038,0.947,0,0.108,0.247
2,0.513,0.25,0.0367,0.913,0,0.117,0.351
2,0.556,0.538,0.0382,0.0689,0,0.196,0.291
2,0.605,0.629,0.0278,0.434,0,0.097,0.308
2,0.439,0.153,0.0479,0.874,0,0.107,0.104
2,0.402,0.151,0.04,0.907,0,0.0941,0.489
2,0.529,0.607,0.0574,0.104,0,0.0631,0.238
2,0.38,0.219,0.0358,0.917,0.0104,0.0827,0.0517
2,0.691,0.631,0.0368,0.0483,1.13E-05,0.104,0.8
2,0.709,0.22,0.0327,0.811,0,0.175,0.53
2,0.436,0.153,0.0454,0.911,0,0.129,0.415
2,0.51,0.643,0.0485,0.214,3.22E-06,0.101,0.0397
2,0.576,0.835,0.0486,0.337,0,0.082,0.476
2,0.407,0.416,0.174,0.656,0,0.0981,0.246
2,0.625,0.562,0.0289,0.149,1.67E-05,0.109,0.229
2,0.349,0.348,0.0316,0.726,0,0.12,0.0886
2,0.576,0.307,0.0428,0.807,0.000355,0.0792,0.157
2,0.593,0.2,0.0311,0.904,0,0.0897,0.17
2,0.306,0.121,0.0396,0.863,0,0.167,0.238
2,0.379,0.29,0.051,0.952,0.00106,0.118,0.169
2,0.264,0.122,0.0349,0.885,0.349,0.094,0.0735
2,0.585,0.303,0.0398,0.694,0,0.115,0.142
2,0.631,0.518,0.0303,0.274,0,0.088,0.205
2,0.445,0.179,0.0396,0.952,0.00056,0.107,0.119
2,0.551,0.268,0.0427,0.805,0,0.0977,0.335
2,0.435,0.104,0.0445,0.973,0.33,0.119,0.162
2,0.336,0.602,0.0325,0.0635,0,0.141,0.299
2,0.405,0.111,0.0369,0.964,4.37E-05,0.0872,0.219
2,0.56,0.674,0.0446,0.698,0,0.123,0.421
2,0.383,0.43,0.0302,0.817,1.04E-06,0.0869,0.174
2,0.701,0.728,0.0468,0.0178,0,0.17,0.696
2,0.63,0.53,0.0434,0.4,0,0.177,0.417
2,0.657,0.355,0.0715,0.694,0.000425,0.123,0.0808
2,0.559,0.422,0.195,0.701,1.99E-06,0.0853,0.191
2,0.488,0.487,0.0305,0.577,0,0.193,0.219
2,0.632,0.337,0.033,0.558,0,0.104,0.0982
2,0.54,0.135,0.0374,0.929,0,0.0654,0.121
2,0.481,0.267,0.0339,0.8,0,0.249,0.137
2,0.519,0.383,0.0495,0.572,0,0.124,0.157
2,0.376,0.466,0.0353,0.514,5.80E-05,0.0781,0.276
2,0.455,0.284,0.0322,0.715,1.47E-06,0.0897,0.133
2,0.558,0.451,0.0388,0.292,0,0.101,0.238
